"item","key","value","description","source"
"figure1_expexp_hazards","lam_p",0.115524530093324,"PFS hazard","model_quantities.rds"
"figure1_expexp_hazards","lam_o",0.0462098120373297,"OS hazard","model_quantities.rds"
"figure1_expexp_hazards","death_prop",0.15,"proportion of PFS events that are deaths","model_quantities.rds"
"figure1_expexp_hazards","h02_const",0.0173286795139986,"constant pre-progression death hazard","model_quantities.rds"
"figure1_expexp_hazards","c_dec",0.192540883488874,"decay rate of h02 in exp-exp model","model_quantities.rds"
"figure1_expexp_hazards","theta_gumbel",2.0704345453823,"Gumbel copula parameter giving the death proportion","model_quantities.rds"
"figure1_expexp_hazards","gam0_idm",0.0876668867268778,"post-progression hazard of the illness-death model (kappa 1, OS median 15)","model_quantities.rds"
"figure1_expexp_hazards","markov_h12_t0.1",4.19845259482524,"Markov h12 at month 0.1","model_quantities.rds"
"figure1_expexp_hazards","markov_h12_t1",0.448602723048512,"Markov h12 at month 1","model_quantities.rds"
"figure1_expexp_hazards","markov_h12_t6",0.102211760391938,"Markov h12 at month 6","model_quantities.rds"
"figure1_expexp_hazards","markov_h12_t12",0.068470645829226,"Markov h12 at month 12","model_quantities.rds"
"figure1_expexp_hazards","markov_h12_t24",0.0529608449732291,"Markov h12 at month 24","model_quantities.rds"
"figure1_expexp_hazards","expexp_h12_t0.1",0.172902461389565,"exp-exp h12 at month 0.1","model_quantities.rds"
"figure1_expexp_hazards","expexp_h12_t1",0.158969580482427,"exp-exp h12 at month 1","model_quantities.rds"
"figure1_expexp_hazards","expexp_h12_t6",0.107589715977864,"exp-exp h12 at month 6","model_quantities.rds"
"figure1_expexp_hazards","expexp_h12_t12",0.0782934590064692,"exp-exp h12 at month 12","model_quantities.rds"
"figure1_expexp_hazards","expexp_h12_t24",0.0569051426284628,"exp-exp h12 at month 24","model_quantities.rds"
"figure1_expexp_hazards","expexp_h02_t0.1",0.0453285949729419,"exp-exp h02 at month 0.1","model_quantities.rds"
"figure1_expexp_hazards","expexp_h02_t1",0.0381166530212344,"exp-exp h02 at month 1","model_quantities.rds"
"figure1_expexp_hazards","expexp_h02_t6",0.0145551787243793,"exp-exp h02 at month 6","model_quantities.rds"
"figure1_expexp_hazards","expexp_h02_t12",0.00458459401495687,"exp-exp h02 at month 12","model_quantities.rds"
"figure1_expexp_hazards","expexp_h02_t24",0.000454849335136852,"exp-exp h02 at month 24","model_quantities.rds"
"figure1_expexp_hazards","gumbel_h12_s0.5",0.338459043128689,"Gumbel hazard just after progression at month 0.5","model_quantities.rds"
"figure1_expexp_hazards","gumbel_h12_s1",0.177893861321344,"Gumbel hazard just after progression at month 1","model_quantities.rds"
"figure1_expexp_hazards","gumbel_h12_s6",0.0440895431485561,"Gumbel hazard just after progression at month 6","model_quantities.rds"
"figure2_os_distribution","surv_kappa1_t0",1,"OS survival, kappa 1, month 0","model_quantities.rds"
"figure2_os_distribution","surv_kappa1_t6",0.820638070244784,"OS survival, kappa 1, month 6","model_quantities.rds"
"figure2_os_distribution","surv_kappa1_t12",0.599804375042156,"OS survival, kappa 1, month 12","model_quantities.rds"
"figure2_os_distribution","surv_kappa1_t24",0.272115951933222,"OS survival, kappa 1, month 24","model_quantities.rds"
"figure2_os_distribution","surv_kappa1_t36",0.110693556059543,"OS survival, kappa 1, month 36","model_quantities.rds"
"figure2_os_distribution","surv_kappa1_t48",0.0425734625414227,"OS survival, kappa 1, month 48","model_quantities.rds"
"figure2_os_distribution","surv_kappa06_t0",1,"OS survival, kappa 0.6, month 0","model_quantities.rds"
"figure2_os_distribution","surv_kappa06_t6",0.816191432217235,"OS survival, kappa 0.6, month 6","model_quantities.rds"
"figure2_os_distribution","surv_kappa06_t12",0.596696585231022,"OS survival, kappa 0.6, month 12","model_quantities.rds"
"figure2_os_distribution","surv_kappa06_t24",0.283090282698229,"OS survival, kappa 0.6, month 24","model_quantities.rds"
"figure2_os_distribution","surv_kappa06_t36",0.128525334132549,"OS survival, kappa 0.6, month 36","model_quantities.rds"
"figure2_os_distribution","surv_kappa06_t48",0.0585811894178349,"OS survival, kappa 0.6, month 48","model_quantities.rds"
"figure2_os_distribution","surv_exp_t0",1,"exponential OS survival, month 0","model_quantities.rds"
"figure2_os_distribution","surv_exp_t6",0.757858283255199,"exponential OS survival, month 6","model_quantities.rds"
"figure2_os_distribution","surv_exp_t12",0.574349177498518,"exponential OS survival, month 12","model_quantities.rds"
"figure2_os_distribution","surv_exp_t24",0.329876977693224,"exponential OS survival, month 24","model_quantities.rds"
"figure2_os_distribution","surv_exp_t36",0.1894645708138,"exponential OS survival, month 36","model_quantities.rds"
"figure2_os_distribution","surv_exp_t48",0.108818820412016,"exponential OS survival, month 48","model_quantities.rds"
"figure2_os_distribution","hazard_kappa1_t0",0.0173286864209181,"OS hazard, kappa 1, month 0","model_quantities.rds"
"figure2_os_distribution","hazard_kappa1_t6",0.0448110835639205,"OS hazard, kappa 1, month 6","model_quantities.rds"
"figure2_os_distribution","hazard_kappa1_t12",0.0583497417794374,"OS hazard, kappa 1, month 12","model_quantities.rds"
"figure2_os_distribution","hazard_kappa1_t24",0.0715115017905189,"OS hazard, kappa 1, month 24","model_quantities.rds"
"figure2_os_distribution","hazard_kappa1_t36",0.0777382646207269,"OS hazard, kappa 1, month 36","model_quantities.rds"
"figure2_os_distribution","hazard_kappa1_t48",0.0812131334842803,"OS hazard, kappa 1, month 48","model_quantities.rds"
"figure2_os_distribution","hazard_kappa06_t0",0.0173286873397217,"OS hazard, kappa 0.6, month 0","model_quantities.rds"
"figure2_os_distribution","hazard_kappa06_t6",0.045659096195608,"OS hazard, kappa 0.6, month 6","model_quantities.rds"
"figure2_os_distribution","hazard_kappa06_t12",0.0572388949026828,"OS hazard, kappa 0.6, month 12","model_quantities.rds"
"figure2_os_distribution","hazard_kappa06_t24",0.0650602696275341,"OS hazard, kappa 0.6, month 24","model_quantities.rds"
"figure2_os_distribution","hazard_kappa06_t36",0.065967450556756,"OS hazard, kappa 0.6, month 36","model_quantities.rds"
"figure2_os_distribution","hazard_kappa06_t48",0.0648236254410725,"OS hazard, kappa 0.6, month 48","model_quantities.rds"
"figure2_os_distribution","maxdiff_exp_minus_kappa1",0.078819302737591,"largest difference exponential minus kappa 1","model_quantities.rds"
"figure2_os_distribution","maxdiff_at_kappa1",35.25,"month of the largest difference","model_quantities.rds"
"figure2_os_distribution","maxdiff_exp_minus_kappa06",0.0611635768958731,"largest difference exponential minus kappa 0.6","model_quantities.rds"
"figure2_os_distribution","maxdiff_at_kappa06",34.5,"month of the largest difference","model_quantities.rds"
"figure2_os_distribution","hr_kappa1_t1",0.716203287768147,"OS hazard ratio, kappa 1 month 1","model_quantities.rds"
"figure2_os_distribution","hr_kappa1_t6",0.755849675106958,"OS hazard ratio, kappa 1 month 6","model_quantities.rds"
"figure2_os_distribution","hr_kappa1_t12",0.780067902621343,"OS hazard ratio, kappa 1 month 12","model_quantities.rds"
"figure2_os_distribution","hr_kappa1_t24",0.807102202947285,"OS hazard ratio, kappa 1 month 24","model_quantities.rds"
"figure2_os_distribution","hr_kappa1_t36",0.823587016227569,"OS hazard ratio, kappa 1 month 36","model_quantities.rds"
"figure2_os_distribution","hr_kappa1_t48",0.835667071794964,"OS hazard ratio, kappa 1 month 48","model_quantities.rds"
"figure2_os_distribution","hr_kappa06_t1",0.711716127806439,"OS hazard ratio, kappa 0.6 month 1","model_quantities.rds"
"figure2_os_distribution","hr_kappa06_t6",0.736252491844434,"OS hazard ratio, kappa 0.6 month 6","model_quantities.rds"
"figure2_os_distribution","hr_kappa06_t12",0.753818286313954,"OS hazard ratio, kappa 0.6 month 12","model_quantities.rds"
"figure2_os_distribution","hr_kappa06_t24",0.782159238463342,"OS hazard ratio, kappa 0.6 month 24","model_quantities.rds"
"figure2_os_distribution","hr_kappa06_t36",0.811739179255622,"OS hazard ratio, kappa 0.6 month 36","model_quantities.rds"
"figure2_os_distribution","hr_kappa06_t48",0.843477739264834,"OS hazard ratio, kappa 0.6 month 48","model_quantities.rds"
"figure2_os_distribution","hr_kappa03_t1",0.707556831156239,"OS hazard ratio, kappa 0.3 month 1","model_quantities.rds"
"figure2_os_distribution","hr_kappa03_t6",0.716393435381789,"OS hazard ratio, kappa 0.3 month 6","model_quantities.rds"
"figure2_os_distribution","hr_kappa03_t12",0.723692736925251,"OS hazard ratio, kappa 0.3 month 12","model_quantities.rds"
"figure2_os_distribution","hr_kappa03_t24",0.754998528481031,"OS hazard ratio, kappa 0.3 month 24","model_quantities.rds"
"figure2_os_distribution","hr_kappa03_t36",0.817237739443118,"OS hazard ratio, kappa 0.3 month 36","model_quantities.rds"
"figure2_os_distribution","hr_kappa03_t48",0.887414442824901,"OS hazard ratio, kappa 0.3 month 48","model_quantities.rds"
"figure2_os_distribution","os_median_ctl_kappa1",15,"OS median, control, kappa 1","model_quantities.rds"
"figure2_os_distribution","os_median_ctl_kappa06",14.9999999999997,"OS median, control, kappa 0.6","model_quantities.rds"
"figure2_os_distribution","os_median_ctl_kappa03",15.0000000000007,"OS median, control, kappa 0.3","model_quantities.rds"
"figure2_os_distribution","os_median_trt_kappa1",18.184435475408,"OS median, experimental, kappa 1","model_quantities.rds"
"figure2_os_distribution","os_median_trt_kappa06",18.7672378218757,"OS median, experimental, kappa 0.6","model_quantities.rds"
"figure2_os_distribution","os_median_trt_kappa03",19.6814899815944,"OS median, experimental, kappa 0.3","model_quantities.rds"
"figure3_correlations","cor_os_resp_kappa0.25_cor0",0.414289270470856,"Corr(OS, R), kappa 0.25 Corr(PFS, R) 0","model_quantities.rds"
"figure3_correlations","cor_pfs_os_kappa0.25_cor0",0.390656706119245,"Corr(PFS, OS), kappa 0.25 Corr(PFS, R) 0","model_quantities.rds"
"figure3_correlations","cor_os_resp_kappa0.25_cor0.2",0.47756817426788,"Corr(OS, R), kappa 0.25 Corr(PFS, R) 0.2","model_quantities.rds"
"figure3_correlations","cor_pfs_os_kappa0.25_cor0.2",0.439434374769442,"Corr(PFS, OS), kappa 0.25 Corr(PFS, R) 0.2","model_quantities.rds"
"figure3_correlations","cor_os_resp_kappa0.25_cor0.4",0.530792630833461,"Corr(OS, R), kappa 0.25 Corr(PFS, R) 0.4","model_quantities.rds"
"figure3_correlations","cor_pfs_os_kappa0.25_cor0.4",0.48875302280038,"Corr(PFS, OS), kappa 0.25 Corr(PFS, R) 0.4","model_quantities.rds"
"figure3_correlations","cor_os_resp_kappa0.25_cor0.6",0.574853560140426,"Corr(OS, R), kappa 0.25 Corr(PFS, R) 0.6","model_quantities.rds"
"figure3_correlations","cor_pfs_os_kappa0.25_cor0.6",0.537730918064644,"Corr(PFS, OS), kappa 0.25 Corr(PFS, R) 0.6","model_quantities.rds"
"figure3_correlations","cor_os_resp_kappa0.5_cor0",0.230012744064031,"Corr(OS, R), kappa 0.5 Corr(PFS, R) 0","model_quantities.rds"
"figure3_correlations","cor_pfs_os_kappa0.5_cor0",0.54724670742372,"Corr(PFS, OS), kappa 0.5 Corr(PFS, R) 0","model_quantities.rds"
"figure3_correlations","cor_os_resp_kappa0.5_cor0.2",0.331054299923763,"Corr(OS, R), kappa 0.5 Corr(PFS, R) 0.2","model_quantities.rds"
"figure3_correlations","cor_pfs_os_kappa0.5_cor0.2",0.567536940615916,"Corr(PFS, OS), kappa 0.5 Corr(PFS, R) 0.2","model_quantities.rds"
"figure3_correlations","cor_os_resp_kappa0.5_cor0.4",0.423020006638203,"Corr(OS, R), kappa 0.5 Corr(PFS, R) 0.4","model_quantities.rds"
"figure3_correlations","cor_pfs_os_kappa0.5_cor0.4",0.587826883974855,"Corr(PFS, OS), kappa 0.5 Corr(PFS, R) 0.4","model_quantities.rds"
"figure3_correlations","cor_os_resp_kappa0.5_cor0.6",0.506016273759753,"Corr(OS, R), kappa 0.5 Corr(PFS, R) 0.6","model_quantities.rds"
"figure3_correlations","cor_pfs_os_kappa0.5_cor0.6",0.607221667672504,"Corr(PFS, OS), kappa 0.5 Corr(PFS, R) 0.6","model_quantities.rds"
"figure3_correlations","cor_os_resp_kappa0.75_cor0",0.0940634835842412,"Corr(OS, R), kappa 0.75 Corr(PFS, R) 0","model_quantities.rds"
"figure3_correlations","cor_pfs_os_kappa0.75_cor0",0.598675954028407,"Corr(PFS, OS), kappa 0.75 Corr(PFS, R) 0","model_quantities.rds"
"figure3_correlations","cor_os_resp_kappa0.75_cor0.2",0.210887745944586,"Corr(OS, R), kappa 0.75 Corr(PFS, R) 0.2","model_quantities.rds"
"figure3_correlations","cor_pfs_os_kappa0.75_cor0.2",0.605869556163771,"Corr(PFS, OS), kappa 0.75 Corr(PFS, R) 0.2","model_quantities.rds"
"figure3_correlations","cor_os_resp_kappa0.75_cor0.4",0.323190859018519,"Corr(OS, R), kappa 0.75 Corr(PFS, R) 0.4","model_quantities.rds"
"figure3_correlations","cor_pfs_os_kappa0.75_cor0.4",0.612899378588932,"Corr(PFS, OS), kappa 0.75 Corr(PFS, R) 0.4","model_quantities.rds"
"figure3_correlations","cor_os_resp_kappa0.75_cor0.6",0.430713540491251,"Corr(OS, R), kappa 0.75 Corr(PFS, R) 0.6","model_quantities.rds"
"figure3_correlations","cor_pfs_os_kappa0.75_cor0.6",0.619255866642839,"Corr(PFS, OS), kappa 0.75 Corr(PFS, R) 0.6","model_quantities.rds"
"figure3_correlations","cor_os_resp_kappa1_cor0",1.05705781095606e-12,"Corr(OS, R), kappa 1 Corr(PFS, R) 0","model_quantities.rds"
"figure3_correlations","cor_pfs_os_kappa1_cor0",0.608869519047493,"Corr(PFS, OS), kappa 1 Corr(PFS, R) 0","model_quantities.rds"
"figure3_correlations","cor_os_resp_kappa1_cor0.2",0.12177390380868,"Corr(OS, R), kappa 1 Corr(PFS, R) 0.2","model_quantities.rds"
"figure3_correlations","cor_pfs_os_kappa1_cor0.2",0.608869519047493,"Corr(PFS, OS), kappa 1 Corr(PFS, R) 0.2","model_quantities.rds"
"figure3_correlations","cor_os_resp_kappa1_cor0.4",0.243547807618991,"Corr(OS, R), kappa 1 Corr(PFS, R) 0.4","model_quantities.rds"
"figure3_correlations","cor_pfs_os_kappa1_cor0.4",0.608869519047493,"Corr(PFS, OS), kappa 1 Corr(PFS, R) 0.4","model_quantities.rds"
"figure3_correlations","cor_os_resp_kappa1_cor0.6",0.365321711428496,"Corr(OS, R), kappa 1 Corr(PFS, R) 0.6","model_quantities.rds"
"figure3_correlations","cor_pfs_os_kappa1_cor0.6",0.608869519047493,"Corr(PFS, OS), kappa 1 Corr(PFS, R) 0.6","model_quantities.rds"
"figure3_correlations","cor_os_resp_kappa1.5_cor0",-0.114663669805852,"Corr(OS, R), kappa 1.5 Corr(PFS, R) 0","model_quantities.rds"
"figure3_correlations","cor_pfs_os_kappa1.5_cor0",0.592926180082574,"Corr(PFS, OS), kappa 1.5 Corr(PFS, R) 0","model_quantities.rds"
"figure3_correlations","cor_os_resp_kappa1.5_cor0.2",0.00601401363323101,"Corr(OS, R), kappa 1.5 Corr(PFS, R) 0.2","model_quantities.rds"
"figure3_correlations","cor_pfs_os_kappa1.5_cor0.2",0.584751366598443,"Corr(PFS, OS), kappa 1.5 Corr(PFS, R) 0.2","model_quantities.rds"
"figure3_correlations","cor_os_resp_kappa1.5_cor0.4",0.133060936843153,"Corr(OS, R), kappa 1.5 Corr(PFS, R) 0.4","model_quantities.rds"
"figure3_correlations","cor_pfs_os_kappa1.5_cor0.4",0.577229600698319,"Corr(PFS, OS), kappa 1.5 Corr(PFS, R) 0.4","model_quantities.rds"
"figure3_correlations","cor_os_resp_kappa1.5_cor0.6",0.267771643974683,"Corr(OS, R), kappa 1.5 Corr(PFS, R) 0.6","model_quantities.rds"
"figure3_correlations","cor_pfs_os_kappa1.5_cor0.6",0.571393438033521,"Corr(PFS, OS), kappa 1.5 Corr(PFS, R) 0.6","model_quantities.rds"
"figure3_correlations","cor_os_resp_kappa2_cor0",-0.17966772986771,"Corr(OS, R), kappa 2 Corr(PFS, R) 0","model_quantities.rds"
"figure3_correlations","cor_pfs_os_kappa2_cor0",0.568343082314706,"Corr(PFS, OS), kappa 2 Corr(PFS, R) 0","model_quantities.rds"
"figure3_correlations","cor_os_resp_kappa2_cor0.2",-0.0634591898525284,"Corr(OS, R), kappa 2 Corr(PFS, R) 0.2","model_quantities.rds"
"figure3_correlations","cor_pfs_os_kappa2_cor0.2",0.55525681424139,"Corr(PFS, OS), kappa 2 Corr(PFS, R) 0.2","model_quantities.rds"
"figure3_correlations","cor_os_resp_kappa2_cor0.4",0.0627883928794581,"Corr(OS, R), kappa 2 Corr(PFS, R) 0.4","model_quantities.rds"
"figure3_correlations","cor_pfs_os_kappa2_cor0.4",0.543399981812437,"Corr(PFS, OS), kappa 2 Corr(PFS, R) 0.4","model_quantities.rds"
"figure3_correlations","cor_os_resp_kappa2_cor0.6",0.201665915477867,"Corr(OS, R), kappa 2 Corr(PFS, R) 0.6","model_quantities.rds"
"figure3_correlations","cor_pfs_os_kappa2_cor0.6",0.534655962097782,"Corr(PFS, OS), kappa 2 Corr(PFS, R) 0.6","model_quantities.rds"
"figure3_correlations","upper_orr0.3",0.788185215784551,"upper bound of Corr(PFS, R), response rate 0.3","model_quantities.rds"
"figure3_correlations","lower_orr0.3_tau0",-0.544829976364457,"lower bound, response rate 0.3, no landmark","model_quantities.rds"
"figure3_correlations","lower_orr0.3_tau1.5",-0.407368001417112,"lower bound, response rate 0.3, landmark 1.5","model_quantities.rds"
"figure4_two_in_one_type1","r_xy_N1_cor0.2_kappa1",0.182803062948378,"correlation of X and Y_PFS, N1_cor0.2_kappa1","two_in_one_simulation.rds"
"figure4_two_in_one_type1","r_xz_N1_cor0.2_kappa1",0.054785827358958,"correlation of X and Z_OS, N1_cor0.2_kappa1","two_in_one_simulation.rds"
"figure4_two_in_one_type1","mu_x_N1_cor0.2_kappa1",0.00371879551834059,"mean of X, N1_cor0.2_kappa1","two_in_one_simulation.rds"
"figure4_two_in_one_type1","rate_c0_N1_cor0.2_kappa1",0.02393,"simulated type I error rate at c = 1.645, N1_cor0.2_kappa1","two_in_one_simulation.rds"
"figure4_two_in_one_type1","max_sim_N1_cor0.2_kappa1",0.02505,"largest simulated rate over c, N1_cor0.2_kappa1","two_in_one_simulation.rds"
"figure4_two_in_one_type1","max_sim_cut_N1_cor0.2_kappa1",3.65,"cutpoint of the largest simulated rate, N1_cor0.2_kappa1","two_in_one_simulation.rds"
"figure4_two_in_one_type1","max_approx_N1_cor0.2_kappa1",0.0249976868449694,"largest approximated rate over c, N1_cor0.2_kappa1","two_in_one_simulation.rds"
"figure4_two_in_one_type1","nsim_N1_cor0.2_kappa1",1e+05,"number of simulated trials, N1_cor0.2_kappa1","two_in_one_simulation.rds"
"figure4_two_in_one_type1","r_xy_N1_cor0.4_kappa1",0.333758434020403,"correlation of X and Y_PFS, N1_cor0.4_kappa1","two_in_one_simulation.rds"
"figure4_two_in_one_type1","r_xz_N1_cor0.4_kappa1",0.104410019083895,"correlation of X and Z_OS, N1_cor0.4_kappa1","two_in_one_simulation.rds"
"figure4_two_in_one_type1","mu_x_N1_cor0.4_kappa1",-0.000609258668619028,"mean of X, N1_cor0.4_kappa1","two_in_one_simulation.rds"
"figure4_two_in_one_type1","rate_c0_N1_cor0.4_kappa1",0.02242,"simulated type I error rate at c = 1.645, N1_cor0.4_kappa1","two_in_one_simulation.rds"
"figure4_two_in_one_type1","max_sim_N1_cor0.4_kappa1",0.02519,"largest simulated rate over c, N1_cor0.4_kappa1","two_in_one_simulation.rds"
"figure4_two_in_one_type1","max_sim_cut_N1_cor0.4_kappa1",3.95,"cutpoint of the largest simulated rate, N1_cor0.4_kappa1","two_in_one_simulation.rds"
"figure4_two_in_one_type1","max_approx_N1_cor0.4_kappa1",0.0249931415399996,"largest approximated rate over c, N1_cor0.4_kappa1","two_in_one_simulation.rds"
"figure4_two_in_one_type1","nsim_N1_cor0.4_kappa1",1e+05,"number of simulated trials, N1_cor0.4_kappa1","two_in_one_simulation.rds"
"figure4_two_in_one_type1","r_xy_N1_cor0.6_kappa1",0.513909437372246,"correlation of X and Y_PFS, N1_cor0.6_kappa1","two_in_one_simulation.rds"
"figure4_two_in_one_type1","r_xz_N1_cor0.6_kappa1",0.169028156389566,"correlation of X and Z_OS, N1_cor0.6_kappa1","two_in_one_simulation.rds"
"figure4_two_in_one_type1","mu_x_N1_cor0.6_kappa1",-0.00132084091207355,"mean of X, N1_cor0.6_kappa1","two_in_one_simulation.rds"
"figure4_two_in_one_type1","rate_c0_N1_cor0.6_kappa1",0.01993,"simulated type I error rate at c = 1.645, N1_cor0.6_kappa1","two_in_one_simulation.rds"
"figure4_two_in_one_type1","max_sim_N1_cor0.6_kappa1",0.02489,"largest simulated rate over c, N1_cor0.6_kappa1","two_in_one_simulation.rds"
"figure4_two_in_one_type1","max_sim_cut_N1_cor0.6_kappa1",3.9,"cutpoint of the largest simulated rate, N1_cor0.6_kappa1","two_in_one_simulation.rds"
"figure4_two_in_one_type1","max_approx_N1_cor0.6_kappa1",0.0249844608645803,"largest approximated rate over c, N1_cor0.6_kappa1","two_in_one_simulation.rds"
"figure4_two_in_one_type1","nsim_N1_cor0.6_kappa1",1e+05,"number of simulated trials, N1_cor0.6_kappa1","two_in_one_simulation.rds"
"figure4_two_in_one_type1","r_xy_N1_cor0.2_kappa0.6",0.179528106941495,"correlation of X and Y_PFS, N1_cor0.2_kappa0.6","two_in_one_simulation.rds"
"figure4_two_in_one_type1","r_xz_N1_cor0.2_kappa0.6",0.112343089188716,"correlation of X and Z_OS, N1_cor0.2_kappa0.6","two_in_one_simulation.rds"
"figure4_two_in_one_type1","mu_x_N1_cor0.2_kappa0.6",-0.00242139051834512,"mean of X, N1_cor0.2_kappa0.6","two_in_one_simulation.rds"
"figure4_two_in_one_type1","rate_c0_N1_cor0.2_kappa0.6",0.02536,"simulated type I error rate at c = 1.645, N1_cor0.2_kappa0.6","two_in_one_simulation.rds"
"figure4_two_in_one_type1","max_sim_N1_cor0.2_kappa0.6",0.02585,"largest simulated rate over c, N1_cor0.2_kappa0.6","two_in_one_simulation.rds"
"figure4_two_in_one_type1","max_sim_cut_N1_cor0.2_kappa0.6",2.9,"cutpoint of the largest simulated rate, N1_cor0.2_kappa0.6","two_in_one_simulation.rds"
"figure4_two_in_one_type1","max_approx_N1_cor0.2_kappa0.6",0.0249986306993072,"largest approximated rate over c, N1_cor0.2_kappa0.6","two_in_one_simulation.rds"
"figure4_two_in_one_type1","nsim_N1_cor0.2_kappa0.6",1e+05,"number of simulated trials, N1_cor0.2_kappa0.6","two_in_one_simulation.rds"
"figure4_two_in_one_type1","r_xy_N1_cor0.4_kappa0.6",0.337121898582447,"correlation of X and Y_PFS, N1_cor0.4_kappa0.6","two_in_one_simulation.rds"
"figure4_two_in_one_type1","r_xz_N1_cor0.4_kappa0.6",0.165432751235169,"correlation of X and Z_OS, N1_cor0.4_kappa0.6","two_in_one_simulation.rds"
"figure4_two_in_one_type1","mu_x_N1_cor0.4_kappa0.6",0.00302184153770613,"mean of X, N1_cor0.4_kappa0.6","two_in_one_simulation.rds"
"figure4_two_in_one_type1","rate_c0_N1_cor0.4_kappa0.6",0.02441,"simulated type I error rate at c = 1.645, N1_cor0.4_kappa0.6","two_in_one_simulation.rds"
"figure4_two_in_one_type1","max_sim_N1_cor0.4_kappa0.6",0.02679,"largest simulated rate over c, N1_cor0.4_kappa0.6","two_in_one_simulation.rds"
"figure4_two_in_one_type1","max_sim_cut_N1_cor0.4_kappa0.6",3.7,"cutpoint of the largest simulated rate, N1_cor0.4_kappa0.6","two_in_one_simulation.rds"
"figure4_two_in_one_type1","max_approx_N1_cor0.4_kappa0.6",0.0249940856884304,"largest approximated rate over c, N1_cor0.4_kappa0.6","two_in_one_simulation.rds"
"figure4_two_in_one_type1","nsim_N1_cor0.4_kappa0.6",1e+05,"number of simulated trials, N1_cor0.4_kappa0.6","two_in_one_simulation.rds"
"figure4_two_in_one_type1","r_xy_N1_cor0.6_kappa0.6",0.515402706031269,"correlation of X and Y_PFS, N1_cor0.6_kappa0.6","two_in_one_simulation.rds"
"figure4_two_in_one_type1","r_xz_N1_cor0.6_kappa0.6",0.217148620996317,"correlation of X and Z_OS, N1_cor0.6_kappa0.6","two_in_one_simulation.rds"
"figure4_two_in_one_type1","mu_x_N1_cor0.6_kappa0.6",-0.00488787983714083,"mean of X, N1_cor0.6_kappa0.6","two_in_one_simulation.rds"
"figure4_two_in_one_type1","rate_c0_N1_cor0.6_kappa0.6",0.02005,"simulated type I error rate at c = 1.645, N1_cor0.6_kappa0.6","two_in_one_simulation.rds"
"figure4_two_in_one_type1","max_sim_N1_cor0.6_kappa0.6",0.02473,"largest simulated rate over c, N1_cor0.6_kappa0.6","two_in_one_simulation.rds"
"figure4_two_in_one_type1","max_sim_cut_N1_cor0.6_kappa0.6",3.95,"cutpoint of the largest simulated rate, N1_cor0.6_kappa0.6","two_in_one_simulation.rds"
"figure4_two_in_one_type1","max_approx_N1_cor0.6_kappa0.6",0.0249858188018624,"largest approximated rate over c, N1_cor0.6_kappa0.6","two_in_one_simulation.rds"
"figure4_two_in_one_type1","nsim_N1_cor0.6_kappa0.6",1e+05,"number of simulated trials, N1_cor0.6_kappa0.6","two_in_one_simulation.rds"
"figure4_two_in_one_type1","r_xy_N2_cor0.2_kappa1",0.190106168365921,"correlation of X and Y_PFS, N2_cor0.2_kappa1","two_in_one_simulation.rds"
"figure4_two_in_one_type1","r_xz_N2_cor0.2_kappa1",0.0505973331079044,"correlation of X and Z_OS, N2_cor0.2_kappa1","two_in_one_simulation.rds"
"figure4_two_in_one_type1","mu_x_N2_cor0.2_kappa1",1.6149875441255,"mean of X, N2_cor0.2_kappa1","two_in_one_simulation.rds"
"figure4_two_in_one_type1","rate_c0_N2_cor0.2_kappa1",0.02166,"simulated type I error rate at c = 1.645, N2_cor0.2_kappa1","two_in_one_simulation.rds"
"figure4_two_in_one_type1","max_sim_N2_cor0.2_kappa1",0.02455,"largest simulated rate over c, N2_cor0.2_kappa1","two_in_one_simulation.rds"
"figure4_two_in_one_type1","max_sim_cut_N2_cor0.2_kappa1",-1,"cutpoint of the largest simulated rate, N2_cor0.2_kappa1","two_in_one_simulation.rds"
"figure4_two_in_one_type1","max_approx_N2_cor0.2_kappa1",0.0249457331228495,"largest approximated rate over c, N2_cor0.2_kappa1","two_in_one_simulation.rds"
"figure4_two_in_one_type1","nsim_N2_cor0.2_kappa1",1e+05,"number of simulated trials, N2_cor0.2_kappa1","two_in_one_simulation.rds"
"figure4_two_in_one_type1","r_xy_N2_cor0.4_kappa1",0.347297815641241,"correlation of X and Y_PFS, N2_cor0.4_kappa1","two_in_one_simulation.rds"
"figure4_two_in_one_type1","r_xz_N2_cor0.4_kappa1",0.105532478588158,"correlation of X and Z_OS, N2_cor0.4_kappa1","two_in_one_simulation.rds"
"figure4_two_in_one_type1","mu_x_N2_cor0.4_kappa1",1.6184796415137,"mean of X, N2_cor0.4_kappa1","two_in_one_simulation.rds"
"figure4_two_in_one_type1","rate_c0_N2_cor0.4_kappa1",0.01998,"simulated type I error rate at c = 1.645, N2_cor0.4_kappa1","two_in_one_simulation.rds"
"figure4_two_in_one_type1","max_sim_N2_cor0.4_kappa1",0.02579,"largest simulated rate over c, N2_cor0.4_kappa1","two_in_one_simulation.rds"
"figure4_two_in_one_type1","max_sim_cut_N2_cor0.4_kappa1",-1,"cutpoint of the largest simulated rate, N2_cor0.4_kappa1","two_in_one_simulation.rds"
"figure4_two_in_one_type1","max_approx_N2_cor0.4_kappa1",0.024953691817785,"largest approximated rate over c, N2_cor0.4_kappa1","two_in_one_simulation.rds"
"figure4_two_in_one_type1","nsim_N2_cor0.4_kappa1",1e+05,"number of simulated trials, N2_cor0.4_kappa1","two_in_one_simulation.rds"
"figure4_two_in_one_type1","r_xy_N2_cor0.6_kappa1",0.548447665573235,"correlation of X and Y_PFS, N2_cor0.6_kappa1","two_in_one_simulation.rds"
"figure4_two_in_one_type1","r_xz_N2_cor0.6_kappa1",0.16503630328273,"correlation of X and Z_OS, N2_cor0.6_kappa1","two_in_one_simulation.rds"
"figure4_two_in_one_type1","mu_x_N2_cor0.6_kappa1",1.60605221707632,"mean of X, N2_cor0.6_kappa1","two_in_one_simulation.rds"
"figure4_two_in_one_type1","rate_c0_N2_cor0.6_kappa1",0.01786,"simulated type I error rate at c = 1.645, N2_cor0.6_kappa1","two_in_one_simulation.rds"
"figure4_two_in_one_type1","max_sim_N2_cor0.6_kappa1",0.02561,"largest simulated rate over c, N2_cor0.6_kappa1","two_in_one_simulation.rds"
"figure4_two_in_one_type1","max_sim_cut_N2_cor0.6_kappa1",-1,"cutpoint of the largest simulated rate, N2_cor0.6_kappa1","two_in_one_simulation.rds"
"figure4_two_in_one_type1","max_approx_N2_cor0.6_kappa1",0.0249693781406341,"largest approximated rate over c, N2_cor0.6_kappa1","two_in_one_simulation.rds"
"figure4_two_in_one_type1","nsim_N2_cor0.6_kappa1",1e+05,"number of simulated trials, N2_cor0.6_kappa1","two_in_one_simulation.rds"
"figureS2_death_proportion","cor_pfs_os_kappa1_pi0.02",0.675432475350558,"Corr(PFS, OS), kappa 1 death proportion 0.02","model_quantities.rds"
"figureS2_death_proportion","cor_pfs_os_kappa1_pi0.4",0.4,"Corr(PFS, OS), kappa 1 death proportion 0.4","model_quantities.rds"
"figureS2_death_proportion","cor_pfs_os_kappa06_pi0.02",0.668481504150835,"Corr(PFS, OS), kappa 0.6 death proportion 0.02","model_quantities.rds"
"figureS2_death_proportion","cor_pfs_os_kappa06_pi0.4",0.406208053385775,"Corr(PFS, OS), kappa 0.6 death proportion 0.4","model_quantities.rds"
"table1_calibration","death_prop_max_indep",0.4,"Proportion of PFS events that are deaths, $\pi$, max_indep","model_quantities.rds"
"table1_calibration","theta_max_indep",0.537588276483814,"Copula correlation $\theta$, max_indep","model_quantities.rds"
"table1_calibration","h02_0_max_indep",0.0462098120373297,"Pre-progression death hazard at time 0, max_indep","model_quantities.rds"
"table1_calibration","gam0_max_indep",0.0462098120373297,"Post-progression hazard, non-responders, $\gamma_0$, max_indep","model_quantities.rds"
"table1_calibration","gam1_max_indep",0.0462098120373297,"Post-progression hazard, responders, $\gamma_1$, max_indep","model_quantities.rds"
"table1_calibration","pps_median_nonresp_max_indep",15,"Median post-progression survival, non-responders, max_indep","model_quantities.rds"
"table1_calibration","pps_median_resp_max_indep",15,"Median post-progression survival, responders, max_indep","model_quantities.rds"
"table1_calibration","pfs_median_nonresp_max_indep",4.39304264981534,"Median PFS, non-responders, max_indep","model_quantities.rds"
"table1_calibration","pfs_median_resp_max_indep",11.3872140918453,"Median PFS, responders, max_indep","model_quantities.rds"
"table1_calibration","os_median_max_indep",15,"Median OS, max_indep","model_quantities.rds"
"table1_calibration","os_median_nonresp_max_indep",12.4566437691521,"Median OS, non-responders, max_indep","model_quantities.rds"
"table1_calibration","os_median_resp_max_indep",20.8391961381118,"Median OS, responders, max_indep","model_quantities.rds"
"table1_calibration","cor_pfs_resp_max_indep",0.39999999999999,"$\mathrm{Corr}(\mathrm{PFS}, R)$, max_indep","model_quantities.rds"
"table1_calibration","cor_os_resp_max_indep",0.159999999999996,"$\mathrm{Corr}(\mathrm{OS}, R)$, max_indep","model_quantities.rds"
"table1_calibration","cor_pfs_os_max_indep",0.4,"$\mathrm{Corr}(\mathrm{PFS}, \mathrm{OS})$, max_indep","model_quantities.rds"
"table1_calibration","pcor_os_resp_max_indep",0,"Partial correlation of OS and $R$ given PFS, max_indep","model_quantities.rds"
"table1_calibration","death_prop_idm_kappa1",0.15,"Proportion of PFS events that are deaths, $\pi$, idm_kappa1","model_quantities.rds"
"table1_calibration","theta_idm_kappa1",0.537588276483814,"Copula correlation $\theta$, idm_kappa1","model_quantities.rds"
"table1_calibration","h02_0_idm_kappa1",0.0173286795139986,"Pre-progression death hazard at time 0, idm_kappa1","model_quantities.rds"
"table1_calibration","gam0_idm_kappa1",0.0876668867268778,"Post-progression hazard, non-responders, $\gamma_0$, idm_kappa1","model_quantities.rds"
"table1_calibration","gam1_idm_kappa1",0.0876668867268778,"Post-progression hazard, responders, $\gamma_1$, idm_kappa1","model_quantities.rds"
"table1_calibration","pps_median_nonresp_idm_kappa1",7.90660198438908,"Median post-progression survival, non-responders, idm_kappa1","model_quantities.rds"
"table1_calibration","pps_median_resp_idm_kappa1",7.90660198438908,"Median post-progression survival, responders, idm_kappa1","model_quantities.rds"
"table1_calibration","pfs_median_nonresp_idm_kappa1",4.39304264981534,"Median PFS, non-responders, idm_kappa1","model_quantities.rds"
"table1_calibration","pfs_median_resp_idm_kappa1",11.3872140918453,"Median PFS, responders, idm_kappa1","model_quantities.rds"
"table1_calibration","os_median_idm_kappa1",15,"Median OS, idm_kappa1","model_quantities.rds"
"table1_calibration","os_median_nonresp_idm_kappa1",12.8862575150475,"Median OS, non-responders, idm_kappa1","model_quantities.rds"
"table1_calibration","os_median_resp_idm_kappa1",20.4743023775562,"Median OS, responders, idm_kappa1","model_quantities.rds"
"table1_calibration","cor_pfs_resp_idm_kappa1",0.39999999999999,"$\mathrm{Corr}(\mathrm{PFS}, R)$, idm_kappa1","model_quantities.rds"
"table1_calibration","cor_os_resp_idm_kappa1",0.243547807618991,"$\mathrm{Corr}(\mathrm{OS}, R)$, idm_kappa1","model_quantities.rds"
"table1_calibration","cor_pfs_os_idm_kappa1",0.608869519047493,"$\mathrm{Corr}(\mathrm{PFS}, \mathrm{OS})$, idm_kappa1","model_quantities.rds"
"table1_calibration","pcor_os_resp_idm_kappa1",3.8175905991954e-17,"Partial correlation of OS and $R$ given PFS, idm_kappa1","model_quantities.rds"
"table1_calibration","death_prop_idm_kappa06",0.15,"Proportion of PFS events that are deaths, $\pi$, idm_kappa06","model_quantities.rds"
"table1_calibration","theta_idm_kappa06",0.537588276483814,"Copula correlation $\theta$, idm_kappa06","model_quantities.rds"
"table1_calibration","h02_0_idm_kappa06",0.0173286795139986,"Pre-progression death hazard at time 0, idm_kappa06","model_quantities.rds"
"table1_calibration","gam0_idm_kappa06",0.0970248882269368,"Post-progression hazard, non-responders, $\gamma_0$, idm_kappa06","model_quantities.rds"
"table1_calibration","gam1_idm_kappa06",0.0582149329361621,"Post-progression hazard, responders, $\gamma_1$, idm_kappa06","model_quantities.rds"
"table1_calibration","pps_median_nonresp_idm_kappa06",7.14401421353566,"Median post-progression survival, non-responders, idm_kappa06","model_quantities.rds"
"table1_calibration","pps_median_resp_idm_kappa06",11.9066903558928,"Median post-progression survival, responders, idm_kappa06","model_quantities.rds"
"table1_calibration","pfs_median_nonresp_idm_kappa06",4.39304264981534,"Median PFS, non-responders, idm_kappa06","model_quantities.rds"
"table1_calibration","pfs_median_resp_idm_kappa06",11.3872140918453,"Median PFS, responders, idm_kappa06","model_quantities.rds"
"table1_calibration","os_median_idm_kappa06",14.9999999999997,"Median OS, idm_kappa06","model_quantities.rds"
"table1_calibration","os_median_nonresp_idm_kappa06",12.227408305468,"Median OS, non-responders, idm_kappa06","model_quantities.rds"
"table1_calibration","os_median_resp_idm_kappa06",24.0656476807908,"Median OS, responders, idm_kappa06","model_quantities.rds"
"table1_calibration","cor_pfs_resp_idm_kappa06",0.39999999999999,"$\mathrm{Corr}(\mathrm{PFS}, R)$, idm_kappa06","model_quantities.rds"
"table1_calibration","cor_os_resp_idm_kappa06",0.380832887831447,"$\mathrm{Corr}(\mathrm{OS}, R)$, idm_kappa06","model_quantities.rds"
"table1_calibration","cor_pfs_os_idm_kappa06",0.603409289113615,"$\mathrm{Corr}(\mathrm{PFS}, \mathrm{OS})$, idm_kappa06","model_quantities.rds"
"table1_calibration","pcor_os_resp_idm_kappa06",0.190829324780243,"Partial correlation of OS and $R$ given PFS, idm_kappa06","model_quantities.rds"
"table1_calibration","death_prop_expexp",0.15,"Proportion of PFS events that are deaths, $\pi$, expexp","model_quantities.rds"
"table1_calibration","theta_expexp",0.537588276483814,"Copula correlation $\theta$, expexp","model_quantities.rds"
"table1_calibration","h02_0_expexp",0.0462098120373297,"Pre-progression death hazard at time 0, expexp","model_quantities.rds"
"table1_calibration","gam0_expexp",NA,"Post-progression hazard, non-responders, $\gamma_0$, expexp","model_quantities.rds"
"table1_calibration","gam1_expexp",NA,"Post-progression hazard, responders, $\gamma_1$, expexp","model_quantities.rds"
"table1_calibration","pps_median_nonresp_expexp",NA,"Median post-progression survival, non-responders, expexp","model_quantities.rds"
"table1_calibration","pps_median_resp_expexp",NA,"Median post-progression survival, responders, expexp","model_quantities.rds"
"table1_calibration","pfs_median_nonresp_expexp",4.39304264981534,"Median PFS, non-responders, expexp","model_quantities.rds"
"table1_calibration","pfs_median_resp_expexp",11.3872140918453,"Median PFS, responders, expexp","model_quantities.rds"
"table1_calibration","os_median_expexp",15,"Median OS, expexp","model_quantities.rds"
"table1_calibration","os_median_nonresp_expexp",11.785806193281,"Median OS, non-responders, expexp","model_quantities.rds"
"table1_calibration","os_median_resp_expexp",23.6933321882605,"Median OS, responders, expexp","model_quantities.rds"
"table1_calibration","cor_pfs_resp_expexp",0.39999999999999,"$\mathrm{Corr}(\mathrm{PFS}, R)$, expexp","model_quantities.rds"
"table1_calibration","cor_os_resp_expexp",0.240790072331145,"$\mathrm{Corr}(\mathrm{OS}, R)$, expexp","model_quantities.rds"
"table1_calibration","cor_pfs_os_expexp",0.575609918960982,"$\mathrm{Corr}(\mathrm{PFS}, \mathrm{OS})$, expexp","model_quantities.rds"
"table1_calibration","pcor_os_resp_expexp",0.0140716644988268,"Partial correlation of OS and $R$ given PFS, expexp","model_quantities.rds"
"table2_required_events","S1_os_ahr_hr",0.746035215627039,"Death proportion 0.15, kappa 0.6 OS, average HR hazard ratio used","design_simulation.rds"
"table2_required_events","S1_os_ahr_events",366,"Death proportion 0.15, kappa 0.6 OS, average HR number of events","design_simulation.rds"
"table2_required_events","S1_os_ahr_expected_time",30.6152235550875,"Death proportion 0.15, kappa 0.6 OS, average HR expected analysis time (months)","design_simulation.rds"
"table2_required_events","S1_os_ahr_mean_time",30.5873262782194,"Death proportion 0.15, kappa 0.6 OS, average HR mean simulated analysis time (months)","design_simulation.rds"
"table2_required_events","S1_os_ahr_power",0.798,"Death proportion 0.15, kappa 0.6 OS, average HR simulated power","design_simulation.rds"
"table2_required_events","S1_os_ahr_mcse",0.00401492216611979,"Death proportion 0.15, kappa 0.6 OS, average HR Monte Carlo SE","design_simulation.rds"
"table2_required_events","S1_os_median_hr",0.799265195143165,"Death proportion 0.15, kappa 0.6 OS, HR of medians hazard ratio used","design_simulation.rds"
"table2_required_events","S1_os_median_events",626,"Death proportion 0.15, kappa 0.6 OS, HR of medians number of events","design_simulation.rds"
"table2_required_events","S1_os_median_expected_time",57.2112793348778,"Death proportion 0.15, kappa 0.6 OS, HR of medians expected analysis time (months)","design_simulation.rds"
"table2_required_events","S1_os_median_mean_time",57.128687309689,"Death proportion 0.15, kappa 0.6 OS, HR of medians mean simulated analysis time (months)","design_simulation.rds"
"table2_required_events","S1_os_median_power",0.9197,"Death proportion 0.15, kappa 0.6 OS, HR of medians simulated power","design_simulation.rds"
"table2_required_events","S1_os_median_mcse",0.00271757079024632,"Death proportion 0.15, kappa 0.6 OS, HR of medians Monte Carlo SE","design_simulation.rds"
"table2_required_events","S1_pfs_ahr_hr",0.7,"Death proportion 0.15, kappa 0.6 PFS hazard ratio used","design_simulation.rds"
"table2_required_events","S1_pfs_ahr_events",247,"Death proportion 0.15, kappa 0.6 PFS number of events","design_simulation.rds"
"table2_required_events","S1_pfs_ahr_expected_time",16.7611847214689,"Death proportion 0.15, kappa 0.6 PFS expected analysis time (months)","design_simulation.rds"
"table2_required_events","S1_pfs_ahr_mean_time",16.7342495412062,"Death proportion 0.15, kappa 0.6 PFS mean simulated analysis time (months)","design_simulation.rds"
"table2_required_events","S1_pfs_ahr_power",0.7935,"Death proportion 0.15, kappa 0.6 PFS simulated power","design_simulation.rds"
"table2_required_events","S1_pfs_ahr_mcse",0.00404793465856355,"Death proportion 0.15, kappa 0.6 PFS Monte Carlo SE","design_simulation.rds"
"table2_required_events","S2_os_ahr_hr",0.774113512921004,"Death proportion 0.15, kappa 1 OS, average HR hazard ratio used","design_simulation.rds"
"table2_required_events","S2_os_ahr_events",479,"Death proportion 0.15, kappa 1 OS, average HR number of events","design_simulation.rds"
"table2_required_events","S2_os_ahr_expected_time",37.3215441270519,"Death proportion 0.15, kappa 1 OS, average HR expected analysis time (months)","design_simulation.rds"
"table2_required_events","S2_os_ahr_mean_time",37.299592695327,"Death proportion 0.15, kappa 1 OS, average HR mean simulated analysis time (months)","design_simulation.rds"
"table2_required_events","S2_os_ahr_power",0.7981,"Death proportion 0.15, kappa 1 OS, average HR simulated power","design_simulation.rds"
"table2_required_events","S2_os_ahr_mcse",0.00401417974186508,"Death proportion 0.15, kappa 1 OS, average HR Monte Carlo SE","design_simulation.rds"
"table2_required_events","S2_os_median_hr",0.824881257396498,"Death proportion 0.15, kappa 1 OS, HR of medians hazard ratio used","design_simulation.rds"
"table2_required_events","S2_os_median_events",848,"Death proportion 0.15, kappa 1 OS, HR of medians number of events","design_simulation.rds"
"table2_required_events","S2_os_median_expected_time",NA,"Death proportion 0.15, kappa 1 OS, HR of medians expected analysis time (months)","design_simulation.rds"
"table2_required_events","S2_os_median_mean_time",NA,"Death proportion 0.15, kappa 1 OS, HR of medians mean simulated analysis time (months)","design_simulation.rds"
"table2_required_events","S2_os_median_power",NA,"Death proportion 0.15, kappa 1 OS, HR of medians simulated power","design_simulation.rds"
"table2_required_events","S2_os_median_mcse",NA,"Death proportion 0.15, kappa 1 OS, HR of medians Monte Carlo SE","design_simulation.rds"
"table2_required_events","S3_os_ahr_hr",0.773272612963168,"Death proportion 0.30, kappa 0.6 OS, average HR hazard ratio used","design_simulation.rds"
"table2_required_events","S3_os_ahr_events",475,"Death proportion 0.30, kappa 0.6 OS, average HR number of events","design_simulation.rds"
"table2_required_events","S3_os_ahr_expected_time",39.2132606370305,"Death proportion 0.30, kappa 0.6 OS, average HR expected analysis time (months)","design_simulation.rds"
"table2_required_events","S3_os_ahr_mean_time",39.1793113087144,"Death proportion 0.30, kappa 0.6 OS, average HR mean simulated analysis time (months)","design_simulation.rds"
"table2_required_events","S3_os_ahr_power",0.8023,"Death proportion 0.30, kappa 0.6 OS, average HR simulated power","design_simulation.rds"
"table2_required_events","S3_os_ahr_mcse",0.00398264623083698,"Death proportion 0.30, kappa 0.6 OS, average HR Monte Carlo SE","design_simulation.rds"
"table2_required_events","S3_os_median_hr",0.790866416645401,"Death proportion 0.30, kappa 0.6 OS, HR of medians hazard ratio used","design_simulation.rds"
"table2_required_events","S3_os_median_events",571,"Death proportion 0.30, kappa 0.6 OS, HR of medians number of events","design_simulation.rds"
"table2_required_events","S3_os_median_expected_time",50.7363122855569,"Death proportion 0.30, kappa 0.6 OS, HR of medians expected analysis time (months)","design_simulation.rds"
"table2_required_events","S3_os_median_mean_time",50.6601973220535,"Death proportion 0.30, kappa 0.6 OS, HR of medians mean simulated analysis time (months)","design_simulation.rds"
"table2_required_events","S3_os_median_power",0.8299,"Death proportion 0.30, kappa 0.6 OS, HR of medians simulated power","design_simulation.rds"
"table2_required_events","S3_os_median_mcse",0.00375720627594493,"Death proportion 0.30, kappa 0.6 OS, HR of medians Monte Carlo SE","design_simulation.rds"
"table2_required_events","S4_os_ahr_hr",0.75,"Exponential-exponential, OS hazard ratio 0.75 OS, average HR hazard ratio used","design_simulation.rds"
"table2_required_events","S4_os_ahr_events",380,"Exponential-exponential, OS hazard ratio 0.75 OS, average HR number of events","design_simulation.rds"
"table2_required_events","S4_os_ahr_expected_time",32.4829502956099,"Exponential-exponential, OS hazard ratio 0.75 OS, average HR expected analysis time (months)","design_simulation.rds"
"table2_required_events","S4_os_ahr_mean_time",32.4667806370241,"Exponential-exponential, OS hazard ratio 0.75 OS, average HR mean simulated analysis time (months)","design_simulation.rds"
"table2_required_events","S4_os_ahr_power",0.7963,"Exponential-exponential, OS hazard ratio 0.75 OS, average HR simulated power","design_simulation.rds"
"table2_required_events","S4_os_ahr_mcse",0.00402748445062175,"Exponential-exponential, OS hazard ratio 0.75 OS, average HR Monte Carlo SE","design_simulation.rds"
"table2_required_events","S4_os_median_hr",0.75,"Exponential-exponential, OS hazard ratio 0.75 OS, HR of medians hazard ratio used","design_simulation.rds"
"table2_required_events","S4_os_median_events",380,"Exponential-exponential, OS hazard ratio 0.75 OS, HR of medians number of events","design_simulation.rds"
"table2_required_events","S4_os_median_expected_time",32.482987724455,"Exponential-exponential, OS hazard ratio 0.75 OS, HR of medians expected analysis time (months)","design_simulation.rds"
"table2_required_events","S4_os_median_mean_time",32.4667806370241,"Exponential-exponential, OS hazard ratio 0.75 OS, HR of medians mean simulated analysis time (months)","design_simulation.rds"
"table2_required_events","S4_os_median_power",0.7963,"Exponential-exponential, OS hazard ratio 0.75 OS, HR of medians simulated power","design_simulation.rds"
"table2_required_events","S4_os_median_mcse",0.00402748445062175,"Exponential-exponential, OS hazard ratio 0.75 OS, HR of medians Monte Carlo SE","design_simulation.rds"
"table3_win_statistics","cor_os_resp_alternative_cor0_kappa1",-1.65645432515163e-13,"cor_os_resp, alternative_cor0_kappa1","win_statistics_simulation.rds"
"table3_win_statistics","cor_pfs_os_alternative_cor0_kappa1",0.608869519047493,"cor_pfs_os, alternative_cor0_kappa1","win_statistics_simulation.rds"
"table3_win_statistics","rej_wr_alternative_cor0_kappa1",0.9707,"rej_wr, alternative_cor0_kappa1","win_statistics_simulation.rds"
"table3_win_statistics","rej_wo_alternative_cor0_kappa1",0.9707,"rej_wo, alternative_cor0_kappa1","win_statistics_simulation.rds"
"table3_win_statistics","rej_logrank_os_alternative_cor0_kappa1",0.7193,"rej_logrank_os, alternative_cor0_kappa1","win_statistics_simulation.rds"
"table3_win_statistics","rej_logrank_pfs_alternative_cor0_kappa1",0.9865,"rej_logrank_pfs, alternative_cor0_kappa1","win_statistics_simulation.rds"
"table3_win_statistics","rej_orr_alternative_cor0_kappa1",0.9863,"rej_orr, alternative_cor0_kappa1","win_statistics_simulation.rds"
"table3_win_statistics","p_win_alternative_cor0_kappa1",0.554949676734694,"p_win, alternative_cor0_kappa1","win_statistics_simulation.rds"
"table3_win_statistics","p_loss_alternative_cor0_kappa1",0.394105384489796,"p_loss, alternative_cor0_kappa1","win_statistics_simulation.rds"
"table3_win_statistics","p_tie_alternative_cor0_kappa1",0.0509449387755102,"p_tie, alternative_cor0_kappa1","win_statistics_simulation.rds"
"table3_win_statistics","win_os_alternative_cor0_kappa1",0.363049528163265,"win_os, alternative_cor0_kappa1","win_statistics_simulation.rds"
"table3_win_statistics","loss_os_alternative_cor0_kappa1",0.273821911836735,"loss_os, alternative_cor0_kappa1","win_statistics_simulation.rds"
"table3_win_statistics","win_pfs_alternative_cor0_kappa1",0.160280124081633,"win_pfs, alternative_cor0_kappa1","win_statistics_simulation.rds"
"table3_win_statistics","loss_pfs_alternative_cor0_kappa1",0.104957833469388,"loss_pfs, alternative_cor0_kappa1","win_statistics_simulation.rds"
"table3_win_statistics","win_resp_alternative_cor0_kappa1",0.0316200244897959,"win_resp, alternative_cor0_kappa1","win_statistics_simulation.rds"
"table3_win_statistics","loss_resp_alternative_cor0_kappa1",0.0153256391836735,"loss_resp, alternative_cor0_kappa1","win_statistics_simulation.rds"
"table3_win_statistics","mwin_os_alternative_cor0_kappa1",0.363049528163265,"mwin_os, alternative_cor0_kappa1","win_statistics_simulation.rds"
"table3_win_statistics","mloss_os_alternative_cor0_kappa1",0.273821911836735,"mloss_os, alternative_cor0_kappa1","win_statistics_simulation.rds"
"table3_win_statistics","mwin_pfs_alternative_cor0_kappa1",0.531150845714286,"mwin_pfs, alternative_cor0_kappa1","win_statistics_simulation.rds"
"table3_win_statistics","mloss_pfs_alternative_cor0_kappa1",0.370958551836735,"mloss_pfs, alternative_cor0_kappa1","win_statistics_simulation.rds"
"table3_win_statistics","mwin_resp_alternative_cor0_kappa1",0.314606537142857,"mwin_resp, alternative_cor0_kappa1","win_statistics_simulation.rds"
"table3_win_statistics","mloss_resp_alternative_cor0_kappa1",0.165086251428571,"mloss_resp, alternative_cor0_kappa1","win_statistics_simulation.rds"
"table3_win_statistics","wr_mean_prob_alternative_cor0_kappa1",1.40812508170403,"wr_mean_prob, alternative_cor0_kappa1","win_statistics_simulation.rds"
"table3_win_statistics","wo_mean_prob_alternative_cor0_kappa1",1.38334790732744,"wo_mean_prob, alternative_cor0_kappa1","win_statistics_simulation.rds"
"table3_win_statistics","power_wr_formula_alternative_cor0_kappa1",0.961317703428904,"power_wr_formula, alternative_cor0_kappa1","win_statistics_simulation.rds"
"table3_win_statistics","power_wo_formula_alternative_cor0_kappa1",0.961012616789247,"power_wo_formula, alternative_cor0_kappa1","win_statistics_simulation.rds"
"table3_win_statistics","p_win_indep_alternative_cor0_kappa1",0.567108848689886,"p_win_indep, alternative_cor0_kappa1","win_statistics_simulation.rds"
"table3_win_statistics","p_loss_indep_alternative_cor0_kappa1",0.414395856681812,"p_loss_indep, alternative_cor0_kappa1","win_statistics_simulation.rds"
"table3_win_statistics","p_tie_indep_alternative_cor0_kappa1",0.0184952946283025,"p_tie_indep, alternative_cor0_kappa1","win_statistics_simulation.rds"
"table3_win_statistics","power_wr_indep_alternative_cor0_kappa1",0.941604581896144,"power_wr_indep, alternative_cor0_kappa1","win_statistics_simulation.rds"
"table3_win_statistics","power_wo_indep_alternative_cor0_kappa1",0.941480249538253,"power_wo_indep, alternative_cor0_kappa1","win_statistics_simulation.rds"
"table3_win_statistics","nsim_alternative_cor0_kappa1",10000,"nsim, alternative_cor0_kappa1","win_statistics_simulation.rds"
"table3_win_statistics","mean_cutoff_alternative_cor0_kappa1",30.2801287161309,"mean_cutoff, alternative_cor0_kappa1","win_statistics_simulation.rds"
"table3_win_statistics","cor_os_resp_alternative_cor0.2_kappa1",0.121773903809492,"cor_os_resp, alternative_cor0.2_kappa1","win_statistics_simulation.rds"
"table3_win_statistics","cor_pfs_os_alternative_cor0.2_kappa1",0.608869519047493,"cor_pfs_os, alternative_cor0.2_kappa1","win_statistics_simulation.rds"
"table3_win_statistics","rej_wr_alternative_cor0.2_kappa1",0.9641,"rej_wr, alternative_cor0.2_kappa1","win_statistics_simulation.rds"
"table3_win_statistics","rej_wo_alternative_cor0.2_kappa1",0.9641,"rej_wo, alternative_cor0.2_kappa1","win_statistics_simulation.rds"
"table3_win_statistics","rej_logrank_os_alternative_cor0.2_kappa1",0.7175,"rej_logrank_os, alternative_cor0.2_kappa1","win_statistics_simulation.rds"
"table3_win_statistics","rej_logrank_pfs_alternative_cor0.2_kappa1",0.9856,"rej_logrank_pfs, alternative_cor0.2_kappa1","win_statistics_simulation.rds"
"table3_win_statistics","rej_orr_alternative_cor0.2_kappa1",0.9846,"rej_orr, alternative_cor0.2_kappa1","win_statistics_simulation.rds"
"table3_win_statistics","p_win_alternative_cor0.2_kappa1",0.554467286530612,"p_win, alternative_cor0.2_kappa1","win_statistics_simulation.rds"
"table3_win_statistics","p_loss_alternative_cor0.2_kappa1",0.397383896326531,"p_loss, alternative_cor0.2_kappa1","win_statistics_simulation.rds"
"table3_win_statistics","p_tie_alternative_cor0.2_kappa1",0.0481488171428571,"p_tie, alternative_cor0.2_kappa1","win_statistics_simulation.rds"
"table3_win_statistics","win_os_alternative_cor0.2_kappa1",0.362373216326531,"win_os, alternative_cor0.2_kappa1","win_statistics_simulation.rds"
"table3_win_statistics","loss_os_alternative_cor0.2_kappa1",0.274495414693878,"loss_os, alternative_cor0.2_kappa1","win_statistics_simulation.rds"
"table3_win_statistics","win_pfs_alternative_cor0.2_kappa1",0.160197936326531,"win_pfs, alternative_cor0.2_kappa1","win_statistics_simulation.rds"
"table3_win_statistics","loss_pfs_alternative_cor0.2_kappa1",0.104966876734694,"loss_pfs, alternative_cor0.2_kappa1","win_statistics_simulation.rds"
"table3_win_statistics","win_resp_alternative_cor0.2_kappa1",0.031896133877551,"win_resp, alternative_cor0.2_kappa1","win_statistics_simulation.rds"
"table3_win_statistics","loss_resp_alternative_cor0.2_kappa1",0.0179216048979592,"loss_resp, alternative_cor0.2_kappa1","win_statistics_simulation.rds"
"table3_win_statistics","mwin_os_alternative_cor0.2_kappa1",0.362373216326531,"mwin_os, alternative_cor0.2_kappa1","win_statistics_simulation.rds"
"table3_win_statistics","mloss_os_alternative_cor0.2_kappa1",0.274495414693878,"mloss_os, alternative_cor0.2_kappa1","win_statistics_simulation.rds"
"table3_win_statistics","mwin_pfs_alternative_cor0.2_kappa1",0.530627851428571,"mwin_pfs, alternative_cor0.2_kappa1","win_statistics_simulation.rds"
"table3_win_statistics","mloss_pfs_alternative_cor0.2_kappa1",0.371405592653061,"mloss_pfs, alternative_cor0.2_kappa1","win_statistics_simulation.rds"
"table3_win_statistics","mwin_resp_alternative_cor0.2_kappa1",0.314993156734694,"mwin_resp, alternative_cor0.2_kappa1","win_statistics_simulation.rds"
"table3_win_statistics","mloss_resp_alternative_cor0.2_kappa1",0.164704013877551,"mloss_resp, alternative_cor0.2_kappa1","win_statistics_simulation.rds"
"table3_win_statistics","wr_mean_prob_alternative_cor0.2_kappa1",1.39529379941206,"wr_mean_prob, alternative_cor0.2_kappa1","win_statistics_simulation.rds"
"table3_win_statistics","wo_mean_prob_alternative_cor0.2_kappa1",1.37271395148356,"wo_mean_prob, alternative_cor0.2_kappa1","win_statistics_simulation.rds"
"table3_win_statistics","power_wr_formula_alternative_cor0.2_kappa1",0.95319998274884,"power_wr_formula, alternative_cor0.2_kappa1","win_statistics_simulation.rds"
"table3_win_statistics","power_wo_formula_alternative_cor0.2_kappa1",0.952888787885339,"power_wo_formula, alternative_cor0.2_kappa1","win_statistics_simulation.rds"
"table3_win_statistics","p_win_indep_alternative_cor0.2_kappa1",0.566266630800103,"p_win_indep, alternative_cor0.2_kappa1","win_statistics_simulation.rds"
"table3_win_statistics","p_loss_indep_alternative_cor0.2_kappa1",0.4152237367526,"p_loss_indep, alternative_cor0.2_kappa1","win_statistics_simulation.rds"
"table3_win_statistics","p_tie_indep_alternative_cor0.2_kappa1",0.018509632447297,"p_tie_indep, alternative_cor0.2_kappa1","win_statistics_simulation.rds"
"table3_win_statistics","power_wr_indep_alternative_cor0.2_kappa1",0.936889659333819,"power_wr_indep, alternative_cor0.2_kappa1","win_statistics_simulation.rds"
"table3_win_statistics","power_wo_indep_alternative_cor0.2_kappa1",0.936761814990719,"power_wo_indep, alternative_cor0.2_kappa1","win_statistics_simulation.rds"
"table3_win_statistics","nsim_alternative_cor0.2_kappa1",10000,"nsim, alternative_cor0.2_kappa1","win_statistics_simulation.rds"
"table3_win_statistics","mean_cutoff_alternative_cor0.2_kappa1",30.2694511329007,"mean_cutoff, alternative_cor0.2_kappa1","win_statistics_simulation.rds"
"table3_win_statistics","cor_os_resp_alternative_cor0.4_kappa1",0.243547807625833,"cor_os_resp, alternative_cor0.4_kappa1","win_statistics_simulation.rds"
"table3_win_statistics","cor_pfs_os_alternative_cor0.4_kappa1",0.608869519047493,"cor_pfs_os, alternative_cor0.4_kappa1","win_statistics_simulation.rds"
"table3_win_statistics","rej_wr_alternative_cor0.4_kappa1",0.9607,"rej_wr, alternative_cor0.4_kappa1","win_statistics_simulation.rds"
"table3_win_statistics","rej_wo_alternative_cor0.4_kappa1",0.9607,"rej_wo, alternative_cor0.4_kappa1","win_statistics_simulation.rds"
"table3_win_statistics","rej_logrank_os_alternative_cor0.4_kappa1",0.7109,"rej_logrank_os, alternative_cor0.4_kappa1","win_statistics_simulation.rds"
"table3_win_statistics","rej_logrank_pfs_alternative_cor0.4_kappa1",0.9873,"rej_logrank_pfs, alternative_cor0.4_kappa1","win_statistics_simulation.rds"
"table3_win_statistics","rej_orr_alternative_cor0.4_kappa1",0.9834,"rej_orr, alternative_cor0.4_kappa1","win_statistics_simulation.rds"
"table3_win_statistics","p_win_alternative_cor0.4_kappa1",0.552449389387755,"p_win, alternative_cor0.4_kappa1","win_statistics_simulation.rds"
"table3_win_statistics","p_loss_alternative_cor0.4_kappa1",0.397256151836735,"p_loss, alternative_cor0.4_kappa1","win_statistics_simulation.rds"
"table3_win_statistics","p_tie_alternative_cor0.4_kappa1",0.0502944587755102,"p_tie, alternative_cor0.4_kappa1","win_statistics_simulation.rds"
"table3_win_statistics","win_os_alternative_cor0.4_kappa1",0.362231755102041,"win_os, alternative_cor0.4_kappa1","win_statistics_simulation.rds"
"table3_win_statistics","loss_os_alternative_cor0.4_kappa1",0.274532686530612,"loss_os, alternative_cor0.4_kappa1","win_statistics_simulation.rds"
"table3_win_statistics","win_pfs_alternative_cor0.4_kappa1",0.160235079183673,"win_pfs, alternative_cor0.4_kappa1","win_statistics_simulation.rds"
"table3_win_statistics","loss_pfs_alternative_cor0.4_kappa1",0.104879401632653,"loss_pfs, alternative_cor0.4_kappa1","win_statistics_simulation.rds"
"table3_win_statistics","win_resp_alternative_cor0.4_kappa1",0.0299825551020408,"win_resp, alternative_cor0.4_kappa1","win_statistics_simulation.rds"
"table3_win_statistics","loss_resp_alternative_cor0.4_kappa1",0.0178440636734694,"loss_resp, alternative_cor0.4_kappa1","win_statistics_simulation.rds"
"table3_win_statistics","mwin_os_alternative_cor0.4_kappa1",0.362231755102041,"mwin_os, alternative_cor0.4_kappa1","win_statistics_simulation.rds"
"table3_win_statistics","mloss_os_alternative_cor0.4_kappa1",0.274532686530612,"mloss_os, alternative_cor0.4_kappa1","win_statistics_simulation.rds"
"table3_win_statistics","mwin_pfs_alternative_cor0.4_kappa1",0.530358125714286,"mwin_pfs, alternative_cor0.4_kappa1","win_statistics_simulation.rds"
"table3_win_statistics","mloss_pfs_alternative_cor0.4_kappa1",0.371520796734694,"mloss_pfs, alternative_cor0.4_kappa1","win_statistics_simulation.rds"
"table3_win_statistics","mwin_resp_alternative_cor0.4_kappa1",0.314702529795918,"mwin_resp, alternative_cor0.4_kappa1","win_statistics_simulation.rds"
"table3_win_statistics","mloss_resp_alternative_cor0.4_kappa1",0.164905958367347,"mloss_resp, alternative_cor0.4_kappa1","win_statistics_simulation.rds"
"table3_win_statistics","wr_mean_prob_alternative_cor0.4_kappa1",1.3906628930313,"wr_mean_prob, alternative_cor0.4_kappa1","win_statistics_simulation.rds"
"table3_win_statistics","wo_mean_prob_alternative_cor0.4_kappa1",1.36740529183535,"wo_mean_prob, alternative_cor0.4_kappa1","win_statistics_simulation.rds"
"table3_win_statistics","power_wr_formula_alternative_cor0.4_kappa1",0.948731354985465,"power_wr_formula, alternative_cor0.4_kappa1","win_statistics_simulation.rds"
"table3_win_statistics","power_wo_formula_alternative_cor0.4_kappa1",0.948393254475954,"power_wo_formula, alternative_cor0.4_kappa1","win_statistics_simulation.rds"
"table3_win_statistics","p_win_indep_alternative_cor0.4_kappa1",0.566093018159264,"p_win_indep, alternative_cor0.4_kappa1","win_statistics_simulation.rds"
"table3_win_statistics","p_loss_indep_alternative_cor0.4_kappa1",0.415359674458391,"p_loss_indep, alternative_cor0.4_kappa1","win_statistics_simulation.rds"
"table3_win_statistics","p_tie_indep_alternative_cor0.4_kappa1",0.0185473073823456,"p_tie_indep, alternative_cor0.4_kappa1","win_statistics_simulation.rds"
"table3_win_statistics","power_wr_indep_alternative_cor0.4_kappa1",0.935984873816124,"power_wr_indep, alternative_cor0.4_kappa1","win_statistics_simulation.rds"
"table3_win_statistics","power_wo_indep_alternative_cor0.4_kappa1",0.9358561453771,"power_wo_indep, alternative_cor0.4_kappa1","win_statistics_simulation.rds"
"table3_win_statistics","nsim_alternative_cor0.4_kappa1",10000,"nsim, alternative_cor0.4_kappa1","win_statistics_simulation.rds"
"table3_win_statistics","mean_cutoff_alternative_cor0.4_kappa1",30.272294553441,"mean_cutoff, alternative_cor0.4_kappa1","win_statistics_simulation.rds"
"table3_win_statistics","cor_os_resp_alternative_cor0.6_kappa1",0.365321711426655,"cor_os_resp, alternative_cor0.6_kappa1","win_statistics_simulation.rds"
"table3_win_statistics","cor_pfs_os_alternative_cor0.6_kappa1",0.608869519047493,"cor_pfs_os, alternative_cor0.6_kappa1","win_statistics_simulation.rds"
"table3_win_statistics","rej_wr_alternative_cor0.6_kappa1",0.9539,"rej_wr, alternative_cor0.6_kappa1","win_statistics_simulation.rds"
"table3_win_statistics","rej_wo_alternative_cor0.6_kappa1",0.9539,"rej_wo, alternative_cor0.6_kappa1","win_statistics_simulation.rds"
"table3_win_statistics","rej_logrank_os_alternative_cor0.6_kappa1",0.7179,"rej_logrank_os, alternative_cor0.6_kappa1","win_statistics_simulation.rds"
"table3_win_statistics","rej_logrank_pfs_alternative_cor0.6_kappa1",0.9855,"rej_logrank_pfs, alternative_cor0.6_kappa1","win_statistics_simulation.rds"
"table3_win_statistics","rej_orr_alternative_cor0.6_kappa1",0.9827,"rej_orr, alternative_cor0.6_kappa1","win_statistics_simulation.rds"
"table3_win_statistics","p_win_alternative_cor0.6_kappa1",0.547614410612245,"p_win, alternative_cor0.6_kappa1","win_statistics_simulation.rds"
"table3_win_statistics","p_loss_alternative_cor0.6_kappa1",0.393189852244898,"p_loss, alternative_cor0.6_kappa1","win_statistics_simulation.rds"
"table3_win_statistics","p_tie_alternative_cor0.6_kappa1",0.0591957371428571,"p_tie, alternative_cor0.6_kappa1","win_statistics_simulation.rds"
"table3_win_statistics","win_os_alternative_cor0.6_kappa1",0.362382924081633,"win_os, alternative_cor0.6_kappa1","win_statistics_simulation.rds"
"table3_win_statistics","loss_os_alternative_cor0.6_kappa1",0.274362771428571,"loss_os, alternative_cor0.6_kappa1","win_statistics_simulation.rds"
"table3_win_statistics","win_pfs_alternative_cor0.6_kappa1",0.160122191836735,"win_pfs, alternative_cor0.6_kappa1","win_statistics_simulation.rds"
"table3_win_statistics","loss_pfs_alternative_cor0.6_kappa1",0.105090143673469,"loss_pfs, alternative_cor0.6_kappa1","win_statistics_simulation.rds"
"table3_win_statistics","win_resp_alternative_cor0.6_kappa1",0.0251092946938775,"win_resp, alternative_cor0.6_kappa1","win_statistics_simulation.rds"
"table3_win_statistics","loss_resp_alternative_cor0.6_kappa1",0.0137369371428571,"loss_resp, alternative_cor0.6_kappa1","win_statistics_simulation.rds"
"table3_win_statistics","mwin_os_alternative_cor0.6_kappa1",0.362382924081633,"mwin_os, alternative_cor0.6_kappa1","win_statistics_simulation.rds"
"table3_win_statistics","mloss_os_alternative_cor0.6_kappa1",0.274362771428571,"mloss_os, alternative_cor0.6_kappa1","win_statistics_simulation.rds"
"table3_win_statistics","mwin_pfs_alternative_cor0.6_kappa1",0.530380688163265,"mwin_pfs, alternative_cor0.6_kappa1","win_statistics_simulation.rds"
"table3_win_statistics","mloss_pfs_alternative_cor0.6_kappa1",0.371577342857143,"mloss_pfs, alternative_cor0.6_kappa1","win_statistics_simulation.rds"
"table3_win_statistics","mwin_resp_alternative_cor0.6_kappa1",0.314515884081633,"mwin_resp, alternative_cor0.6_kappa1","win_statistics_simulation.rds"
"table3_win_statistics","mloss_resp_alternative_cor0.6_kappa1",0.165019312653061,"mloss_resp, alternative_cor0.6_kappa1","win_statistics_simulation.rds"
"table3_win_statistics","wr_mean_prob_alternative_cor0.6_kappa1",1.39274807700572,"wr_mean_prob, alternative_cor0.6_kappa1","win_statistics_simulation.rds"
"table3_win_statistics","wo_mean_prob_alternative_cor0.6_kappa1",1.36525317733727,"wo_mean_prob, alternative_cor0.6_kappa1","win_statistics_simulation.rds"
"table3_win_statistics","power_wr_formula_alternative_cor0.6_kappa1",0.947052234186466,"power_wr_formula, alternative_cor0.6_kappa1","win_statistics_simulation.rds"
"table3_win_statistics","power_wo_formula_alternative_cor0.6_kappa1",0.946643861179932,"power_wo_formula, alternative_cor0.6_kappa1","win_statistics_simulation.rds"
"table3_win_statistics","p_win_indep_alternative_cor0.6_kappa1",0.566247213374448,"p_win_indep, alternative_cor0.6_kappa1","win_statistics_simulation.rds"
"table3_win_statistics","p_loss_indep_alternative_cor0.6_kappa1",0.415216866073027,"p_loss_indep, alternative_cor0.6_kappa1","win_statistics_simulation.rds"
"table3_win_statistics","p_tie_indep_alternative_cor0.6_kappa1",0.0185359205525258,"p_tie_indep, alternative_cor0.6_kappa1","win_statistics_simulation.rds"
"table3_win_statistics","power_wr_indep_alternative_cor0.6_kappa1",0.936853553769972,"power_wr_indep, alternative_cor0.6_kappa1","win_statistics_simulation.rds"
"table3_win_statistics","power_wo_indep_alternative_cor0.6_kappa1",0.936725497918354,"power_wo_indep, alternative_cor0.6_kappa1","win_statistics_simulation.rds"
"table3_win_statistics","nsim_alternative_cor0.6_kappa1",10000,"nsim, alternative_cor0.6_kappa1","win_statistics_simulation.rds"
"table3_win_statistics","mean_cutoff_alternative_cor0.6_kappa1",30.2693922241437,"mean_cutoff, alternative_cor0.6_kappa1","win_statistics_simulation.rds"
"table3_win_statistics","cor_os_resp_alternative_cor0_kappa0.6",0.169480508049749,"cor_os_resp, alternative_cor0_kappa0.6","win_statistics_simulation.rds"
"table3_win_statistics","cor_pfs_os_alternative_cor0_kappa0.6",0.57692208399494,"cor_pfs_os, alternative_cor0_kappa0.6","win_statistics_simulation.rds"
"table3_win_statistics","rej_wr_alternative_cor0_kappa0.6",0.9828,"rej_wr, alternative_cor0_kappa0.6","win_statistics_simulation.rds"
"table3_win_statistics","rej_wo_alternative_cor0_kappa0.6",0.9828,"rej_wo, alternative_cor0_kappa0.6","win_statistics_simulation.rds"
"table3_win_statistics","rej_logrank_os_alternative_cor0_kappa0.6",0.8356,"rej_logrank_os, alternative_cor0_kappa0.6","win_statistics_simulation.rds"
"table3_win_statistics","rej_logrank_pfs_alternative_cor0_kappa0.6",0.9874,"rej_logrank_pfs, alternative_cor0_kappa0.6","win_statistics_simulation.rds"
"table3_win_statistics","rej_orr_alternative_cor0_kappa0.6",0.9865,"rej_orr, alternative_cor0_kappa0.6","win_statistics_simulation.rds"
"table3_win_statistics","p_win_alternative_cor0_kappa0.6",0.560075902040816,"p_win, alternative_cor0_kappa0.6","win_statistics_simulation.rds"
"table3_win_statistics","p_loss_alternative_cor0_kappa0.6",0.392156472653061,"p_loss, alternative_cor0_kappa0.6","win_statistics_simulation.rds"
"table3_win_statistics","p_tie_alternative_cor0_kappa0.6",0.0477676253061224,"p_tie, alternative_cor0_kappa0.6","win_statistics_simulation.rds"
"table3_win_statistics","win_os_alternative_cor0_kappa0.6",0.372570031836735,"win_os, alternative_cor0_kappa0.6","win_statistics_simulation.rds"
"table3_win_statistics","loss_os_alternative_cor0_kappa0.6",0.27183904244898,"loss_os, alternative_cor0_kappa0.6","win_statistics_simulation.rds"
"table3_win_statistics","win_pfs_alternative_cor0_kappa0.6",0.157809890612245,"win_pfs, alternative_cor0_kappa0.6","win_statistics_simulation.rds"
"table3_win_statistics","loss_pfs_alternative_cor0_kappa0.6",0.106047622040816,"loss_pfs, alternative_cor0_kappa0.6","win_statistics_simulation.rds"
"table3_win_statistics","win_resp_alternative_cor0_kappa0.6",0.0296959795918367,"win_resp, alternative_cor0_kappa0.6","win_statistics_simulation.rds"
"table3_win_statistics","loss_resp_alternative_cor0_kappa0.6",0.0142698081632653,"loss_resp, alternative_cor0_kappa0.6","win_statistics_simulation.rds"
"table3_win_statistics","mwin_os_alternative_cor0_kappa0.6",0.372570031836735,"mwin_os, alternative_cor0_kappa0.6","win_statistics_simulation.rds"
"table3_win_statistics","mloss_os_alternative_cor0_kappa0.6",0.27183904244898,"mloss_os, alternative_cor0_kappa0.6","win_statistics_simulation.rds"
"table3_win_statistics","mwin_pfs_alternative_cor0_kappa0.6",0.534370355918367,"mwin_pfs, alternative_cor0_kappa0.6","win_statistics_simulation.rds"
"table3_win_statistics","mloss_pfs_alternative_cor0_kappa0.6",0.373896231020408,"mloss_pfs, alternative_cor0_kappa0.6","win_statistics_simulation.rds"
"table3_win_statistics","mwin_resp_alternative_cor0_kappa0.6",0.314901159183673,"mwin_resp, alternative_cor0_kappa0.6","win_statistics_simulation.rds"
"table3_win_statistics","mloss_resp_alternative_cor0_kappa0.6",0.164944016326531,"mloss_resp, alternative_cor0_kappa0.6","win_statistics_simulation.rds"
"table3_win_statistics","wr_mean_prob_alternative_cor0_kappa0.6",1.42819497087917,"wr_mean_prob, alternative_cor0_kappa0.6","win_statistics_simulation.rds"
"table3_win_statistics","wo_mean_prob_alternative_cor0_kappa0.6",1.40361338869913,"wo_mean_prob, alternative_cor0_kappa0.6","win_statistics_simulation.rds"
"table3_win_statistics","power_wr_formula_alternative_cor0_kappa0.6",0.973359713912614,"power_wr_formula, alternative_cor0_kappa0.6","win_statistics_simulation.rds"
"table3_win_statistics","power_wo_formula_alternative_cor0_kappa0.6",0.973120893357718,"power_wo_formula, alternative_cor0_kappa0.6","win_statistics_simulation.rds"
"table3_win_statistics","p_win_indep_alternative_cor0_kappa0.6",0.572859221547017,"p_win_indep, alternative_cor0_kappa0.6","win_statistics_simulation.rds"
"table3_win_statistics","p_loss_indep_alternative_cor0_kappa0.6",0.410173552124741,"p_loss_indep, alternative_cor0_kappa0.6","win_statistics_simulation.rds"
"table3_win_statistics","p_tie_indep_alternative_cor0_kappa0.6",0.0169672263282428,"p_tie_indep, alternative_cor0_kappa0.6","win_statistics_simulation.rds"
"table3_win_statistics","power_wr_indep_alternative_cor0_kappa0.6",0.964288276305776,"power_wr_indep, alternative_cor0_kappa0.6","win_statistics_simulation.rds"
"table3_win_statistics","power_wo_indep_alternative_cor0_kappa0.6",0.964195222765916,"power_wo_indep, alternative_cor0_kappa0.6","win_statistics_simulation.rds"
"table3_win_statistics","nsim_alternative_cor0_kappa0.6",10000,"nsim, alternative_cor0_kappa0.6","win_statistics_simulation.rds"
"table3_win_statistics","mean_cutoff_alternative_cor0_kappa0.6",30.6158303382685,"mean_cutoff, alternative_cor0_kappa0.6","win_statistics_simulation.rds"
"table3_win_statistics","cor_os_resp_alternative_cor0.2_kappa0.6",0.278973068014823,"cor_os_resp, alternative_cor0.2_kappa0.6","win_statistics_simulation.rds"
"table3_win_statistics","cor_pfs_os_alternative_cor0.2_kappa0.6",0.590087070997732,"cor_pfs_os, alternative_cor0.2_kappa0.6","win_statistics_simulation.rds"
"table3_win_statistics","rej_wr_alternative_cor0.2_kappa0.6",0.9726,"rej_wr, alternative_cor0.2_kappa0.6","win_statistics_simulation.rds"
"table3_win_statistics","rej_wo_alternative_cor0.2_kappa0.6",0.9727,"rej_wo, alternative_cor0.2_kappa0.6","win_statistics_simulation.rds"
"table3_win_statistics","rej_logrank_os_alternative_cor0.2_kappa0.6",0.8112,"rej_logrank_os, alternative_cor0.2_kappa0.6","win_statistics_simulation.rds"
"table3_win_statistics","rej_logrank_pfs_alternative_cor0.2_kappa0.6",0.9861,"rej_logrank_pfs, alternative_cor0.2_kappa0.6","win_statistics_simulation.rds"
"table3_win_statistics","rej_orr_alternative_cor0.2_kappa0.6",0.9844,"rej_orr, alternative_cor0.2_kappa0.6","win_statistics_simulation.rds"
"table3_win_statistics","p_win_alternative_cor0.2_kappa0.6",0.559628728163265,"p_win, alternative_cor0.2_kappa0.6","win_statistics_simulation.rds"
"table3_win_statistics","p_loss_alternative_cor0.2_kappa0.6",0.39541086122449,"p_loss, alternative_cor0.2_kappa0.6","win_statistics_simulation.rds"
"table3_win_statistics","p_tie_alternative_cor0.2_kappa0.6",0.0449604106122449,"p_tie, alternative_cor0.2_kappa0.6","win_statistics_simulation.rds"
"table3_win_statistics","win_os_alternative_cor0.2_kappa0.6",0.372675932244898,"win_os, alternative_cor0.2_kappa0.6","win_statistics_simulation.rds"
"table3_win_statistics","loss_os_alternative_cor0.2_kappa0.6",0.273333491428571,"loss_os, alternative_cor0.2_kappa0.6","win_statistics_simulation.rds"
"table3_win_statistics","win_pfs_alternative_cor0.2_kappa0.6",0.157241771428571,"win_pfs, alternative_cor0.2_kappa0.6","win_statistics_simulation.rds"
"table3_win_statistics","loss_pfs_alternative_cor0.2_kappa0.6",0.105275927346939,"loss_pfs, alternative_cor0.2_kappa0.6","win_statistics_simulation.rds"
"table3_win_statistics","win_resp_alternative_cor0.2_kappa0.6",0.0297110244897959,"win_resp, alternative_cor0.2_kappa0.6","win_statistics_simulation.rds"
"table3_win_statistics","loss_resp_alternative_cor0.2_kappa0.6",0.0168014424489796,"loss_resp, alternative_cor0.2_kappa0.6","win_statistics_simulation.rds"
"table3_win_statistics","mwin_os_alternative_cor0.2_kappa0.6",0.372675932244898,"mwin_os, alternative_cor0.2_kappa0.6","win_statistics_simulation.rds"
"table3_win_statistics","mloss_os_alternative_cor0.2_kappa0.6",0.273333491428571,"mloss_os, alternative_cor0.2_kappa0.6","win_statistics_simulation.rds"
"table3_win_statistics","mwin_pfs_alternative_cor0.2_kappa0.6",0.534539968979592,"mwin_pfs, alternative_cor0.2_kappa0.6","win_statistics_simulation.rds"
"table3_win_statistics","mloss_pfs_alternative_cor0.2_kappa0.6",0.373987153469388,"mloss_pfs, alternative_cor0.2_kappa0.6","win_statistics_simulation.rds"
"table3_win_statistics","mwin_resp_alternative_cor0.2_kappa0.6",0.314436900408163,"mwin_resp, alternative_cor0.2_kappa0.6","win_statistics_simulation.rds"
"table3_win_statistics","mloss_resp_alternative_cor0.2_kappa0.6",0.165234328979592,"mloss_resp, alternative_cor0.2_kappa0.6","win_statistics_simulation.rds"
"table3_win_statistics","wr_mean_prob_alternative_cor0.2_kappa0.6",1.41530944908856,"wr_mean_prob, alternative_cor0.2_kappa0.6","win_statistics_simulation.rds"
"table3_win_statistics","wo_mean_prob_alternative_cor0.2_kappa0.6",1.39296812038155,"wo_mean_prob, alternative_cor0.2_kappa0.6","win_statistics_simulation.rds"
"table3_win_statistics","power_wr_formula_alternative_cor0.2_kappa0.6",0.967433365860324,"power_wr_formula, alternative_cor0.2_kappa0.6","win_statistics_simulation.rds"
"table3_win_statistics","power_wo_formula_alternative_cor0.2_kappa0.6",0.967186677600344,"power_wo_formula, alternative_cor0.2_kappa0.6","win_statistics_simulation.rds"
"table3_win_statistics","p_win_indep_alternative_cor0.2_kappa0.6",0.57207967950898,"p_win_indep, alternative_cor0.2_kappa0.6","win_statistics_simulation.rds"
"table3_win_statistics","p_loss_indep_alternative_cor0.2_kappa0.6",0.411071795668046,"p_loss_indep, alternative_cor0.2_kappa0.6","win_statistics_simulation.rds"
"table3_win_statistics","p_tie_indep_alternative_cor0.2_kappa0.6",0.0168485248229733,"p_tie_indep, alternative_cor0.2_kappa0.6","win_statistics_simulation.rds"
"table3_win_statistics","power_wr_indep_alternative_cor0.2_kappa0.6",0.961070016866609,"power_wr_indep, alternative_cor0.2_kappa0.6","win_statistics_simulation.rds"
"table3_win_statistics","power_wo_indep_alternative_cor0.2_kappa0.6",0.960973991196553,"power_wo_indep, alternative_cor0.2_kappa0.6","win_statistics_simulation.rds"
"table3_win_statistics","nsim_alternative_cor0.2_kappa0.6",10000,"nsim, alternative_cor0.2_kappa0.6","win_statistics_simulation.rds"
"table3_win_statistics","mean_cutoff_alternative_cor0.2_kappa0.6",30.6273641624321,"mean_cutoff, alternative_cor0.2_kappa0.6","win_statistics_simulation.rds"
"table3_win_statistics","cor_os_resp_alternative_cor0.4_kappa0.6",0.380885982213031,"cor_os_resp, alternative_cor0.4_kappa0.6","win_statistics_simulation.rds"
"table3_win_statistics","cor_pfs_os_alternative_cor0.4_kappa0.6",0.603607682224077,"cor_pfs_os, alternative_cor0.4_kappa0.6","win_statistics_simulation.rds"
"table3_win_statistics","rej_wr_alternative_cor0.4_kappa0.6",0.9726,"rej_wr, alternative_cor0.4_kappa0.6","win_statistics_simulation.rds"
"table3_win_statistics","rej_wo_alternative_cor0.4_kappa0.6",0.9726,"rej_wo, alternative_cor0.4_kappa0.6","win_statistics_simulation.rds"
"table3_win_statistics","rej_logrank_os_alternative_cor0.4_kappa0.6",0.8004,"rej_logrank_os, alternative_cor0.4_kappa0.6","win_statistics_simulation.rds"
"table3_win_statistics","rej_logrank_pfs_alternative_cor0.4_kappa0.6",0.9879,"rej_logrank_pfs, alternative_cor0.4_kappa0.6","win_statistics_simulation.rds"
"table3_win_statistics","rej_orr_alternative_cor0.4_kappa0.6",0.9838,"rej_orr, alternative_cor0.4_kappa0.6","win_statistics_simulation.rds"
"table3_win_statistics","p_win_alternative_cor0.4_kappa0.6",0.557253875918367,"p_win, alternative_cor0.4_kappa0.6","win_statistics_simulation.rds"
"table3_win_statistics","p_loss_alternative_cor0.4_kappa0.6",0.395823992653061,"p_loss, alternative_cor0.4_kappa0.6","win_statistics_simulation.rds"
"table3_win_statistics","p_tie_alternative_cor0.4_kappa0.6",0.0469221314285714,"p_tie, alternative_cor0.4_kappa0.6","win_statistics_simulation.rds"
"table3_win_statistics","win_os_alternative_cor0.4_kappa0.6",0.372650911020408,"win_os, alternative_cor0.4_kappa0.6","win_statistics_simulation.rds"
"table3_win_statistics","loss_os_alternative_cor0.4_kappa0.6",0.274979502040816,"loss_os, alternative_cor0.4_kappa0.6","win_statistics_simulation.rds"
"table3_win_statistics","win_pfs_alternative_cor0.4_kappa0.6",0.156875599183673,"win_pfs, alternative_cor0.4_kappa0.6","win_statistics_simulation.rds"
"table3_win_statistics","loss_pfs_alternative_cor0.4_kappa0.6",0.104277259591837,"loss_pfs, alternative_cor0.4_kappa0.6","win_statistics_simulation.rds"
"table3_win_statistics","win_resp_alternative_cor0.4_kappa0.6",0.0277273657142857,"win_resp, alternative_cor0.4_kappa0.6","win_statistics_simulation.rds"
"table3_win_statistics","loss_resp_alternative_cor0.4_kappa0.6",0.0165672310204082,"loss_resp, alternative_cor0.4_kappa0.6","win_statistics_simulation.rds"
"table3_win_statistics","mwin_os_alternative_cor0.4_kappa0.6",0.372650911020408,"mwin_os, alternative_cor0.4_kappa0.6","win_statistics_simulation.rds"
"table3_win_statistics","mloss_os_alternative_cor0.4_kappa0.6",0.274979502040816,"mloss_os, alternative_cor0.4_kappa0.6","win_statistics_simulation.rds"
"table3_win_statistics","mwin_pfs_alternative_cor0.4_kappa0.6",0.534857340408163,"mwin_pfs, alternative_cor0.4_kappa0.6","win_statistics_simulation.rds"
"table3_win_statistics","mloss_pfs_alternative_cor0.4_kappa0.6",0.373925931428571,"mloss_pfs, alternative_cor0.4_kappa0.6","win_statistics_simulation.rds"
"table3_win_statistics","mwin_resp_alternative_cor0.4_kappa0.6",0.314631463673469,"mwin_resp, alternative_cor0.4_kappa0.6","win_statistics_simulation.rds"
"table3_win_statistics","mloss_resp_alternative_cor0.4_kappa0.6",0.164899463673469,"mloss_resp, alternative_cor0.4_kappa0.6","win_statistics_simulation.rds"
"table3_win_statistics","wr_mean_prob_alternative_cor0.4_kappa0.6",1.40783248681643,"wr_mean_prob, alternative_cor0.4_kappa0.6","win_statistics_simulation.rds"
"table3_win_statistics","wo_mean_prob_alternative_cor0.4_kappa0.6",1.38501224893131,"wo_mean_prob, alternative_cor0.4_kappa0.6","win_statistics_simulation.rds"
"table3_win_statistics","power_wr_formula_alternative_cor0.4_kappa0.6",0.962377715243415,"power_wr_formula, alternative_cor0.4_kappa0.6","win_statistics_simulation.rds"
"table3_win_statistics","power_wo_formula_alternative_cor0.4_kappa0.6",0.962101863770585,"power_wo_formula, alternative_cor0.4_kappa0.6","win_statistics_simulation.rds"
"table3_win_statistics","p_win_indep_alternative_cor0.4_kappa0.6",0.571231255896104,"p_win_indep, alternative_cor0.4_kappa0.6","win_statistics_simulation.rds"
"table3_win_statistics","p_loss_indep_alternative_cor0.4_kappa0.6",0.4120398267414,"p_loss_indep, alternative_cor0.4_kappa0.6","win_statistics_simulation.rds"
"table3_win_statistics","p_tie_indep_alternative_cor0.4_kappa0.6",0.0167289173624957,"p_tie_indep, alternative_cor0.4_kappa0.6","win_statistics_simulation.rds"
"table3_win_statistics","power_wr_indep_alternative_cor0.4_kappa0.6",0.95732601417384,"power_wr_indep, alternative_cor0.4_kappa0.6","win_statistics_simulation.rds"
"table3_win_statistics","power_wo_indep_alternative_cor0.4_kappa0.6",0.957226829795532,"power_wo_indep, alternative_cor0.4_kappa0.6","win_statistics_simulation.rds"
"table3_win_statistics","nsim_alternative_cor0.4_kappa0.6",10000,"nsim, alternative_cor0.4_kappa0.6","win_statistics_simulation.rds"
"table3_win_statistics","mean_cutoff_alternative_cor0.4_kappa0.6",30.6433672524531,"mean_cutoff, alternative_cor0.4_kappa0.6","win_statistics_simulation.rds"
"table3_win_statistics","cor_os_resp_alternative_cor0.6_kappa0.6",0.475219845788947,"cor_os_resp, alternative_cor0.6_kappa0.6","win_statistics_simulation.rds"
"table3_win_statistics","cor_pfs_os_alternative_cor0.6_kappa0.6",0.616384037963837,"cor_pfs_os, alternative_cor0.6_kappa0.6","win_statistics_simulation.rds"
"table3_win_statistics","rej_wr_alternative_cor0.6_kappa0.6",0.9614,"rej_wr, alternative_cor0.6_kappa0.6","win_statistics_simulation.rds"
"table3_win_statistics","rej_wo_alternative_cor0.6_kappa0.6",0.9614,"rej_wo, alternative_cor0.6_kappa0.6","win_statistics_simulation.rds"
"table3_win_statistics","rej_logrank_os_alternative_cor0.6_kappa0.6",0.7666,"rej_logrank_os, alternative_cor0.6_kappa0.6","win_statistics_simulation.rds"
"table3_win_statistics","rej_logrank_pfs_alternative_cor0.6_kappa0.6",0.9882,"rej_logrank_pfs, alternative_cor0.6_kappa0.6","win_statistics_simulation.rds"
"table3_win_statistics","rej_orr_alternative_cor0.6_kappa0.6",0.9827,"rej_orr, alternative_cor0.6_kappa0.6","win_statistics_simulation.rds"
"table3_win_statistics","p_win_alternative_cor0.6_kappa0.6",0.551092356734694,"p_win, alternative_cor0.6_kappa0.6","win_statistics_simulation.rds"
"table3_win_statistics","p_loss_alternative_cor0.6_kappa0.6",0.393391734693878,"p_loss, alternative_cor0.6_kappa0.6","win_statistics_simulation.rds"
"table3_win_statistics","p_tie_alternative_cor0.6_kappa0.6",0.0555159085714286,"p_tie, alternative_cor0.6_kappa0.6","win_statistics_simulation.rds"
"table3_win_statistics","win_os_alternative_cor0.6_kappa0.6",0.371887854693878,"win_os, alternative_cor0.6_kappa0.6","win_statistics_simulation.rds"
"table3_win_statistics","loss_os_alternative_cor0.6_kappa0.6",0.277822519183673,"loss_os, alternative_cor0.6_kappa0.6","win_statistics_simulation.rds"
"table3_win_statistics","win_pfs_alternative_cor0.6_kappa0.6",0.156560004081633,"win_pfs, alternative_cor0.6_kappa0.6","win_statistics_simulation.rds"
"table3_win_statistics","loss_pfs_alternative_cor0.6_kappa0.6",0.103164537959184,"loss_pfs, alternative_cor0.6_kappa0.6","win_statistics_simulation.rds"
"table3_win_statistics","win_resp_alternative_cor0.6_kappa0.6",0.0226444979591837,"win_resp, alternative_cor0.6_kappa0.6","win_statistics_simulation.rds"
"table3_win_statistics","loss_resp_alternative_cor0.6_kappa0.6",0.0124046775510204,"loss_resp, alternative_cor0.6_kappa0.6","win_statistics_simulation.rds"
"table3_win_statistics","mwin_os_alternative_cor0.6_kappa0.6",0.371887854693878,"mwin_os, alternative_cor0.6_kappa0.6","win_statistics_simulation.rds"
"table3_win_statistics","mloss_os_alternative_cor0.6_kappa0.6",0.277822519183673,"mloss_os, alternative_cor0.6_kappa0.6","win_statistics_simulation.rds"
"table3_win_statistics","mwin_pfs_alternative_cor0.6_kappa0.6",0.534945312653061,"mwin_pfs, alternative_cor0.6_kappa0.6","win_statistics_simulation.rds"
"table3_win_statistics","mloss_pfs_alternative_cor0.6_kappa0.6",0.374489603265306,"mloss_pfs, alternative_cor0.6_kappa0.6","win_statistics_simulation.rds"
"table3_win_statistics","mwin_resp_alternative_cor0.6_kappa0.6",0.314475747755102,"mwin_resp, alternative_cor0.6_kappa0.6","win_statistics_simulation.rds"
"table3_win_statistics","mloss_resp_alternative_cor0.6_kappa0.6",0.165006604897959,"mloss_resp, alternative_cor0.6_kappa0.6","win_statistics_simulation.rds"
"table3_win_statistics","wr_mean_prob_alternative_cor0.6_kappa0.6",1.40087426382645,"wr_mean_prob, alternative_cor0.6_kappa0.6","win_statistics_simulation.rds"
"table3_win_statistics","wo_mean_prob_alternative_cor0.6_kappa0.6",1.37445266176715,"wo_mean_prob, alternative_cor0.6_kappa0.6","win_statistics_simulation.rds"
"table3_win_statistics","power_wr_formula_alternative_cor0.6_kappa0.6",0.954791045114717,"power_wr_formula, alternative_cor0.6_kappa0.6","win_statistics_simulation.rds"
"table3_win_statistics","power_wo_formula_alternative_cor0.6_kappa0.6",0.954433257166804,"power_wo_formula, alternative_cor0.6_kappa0.6","win_statistics_simulation.rds"
"table3_win_statistics","p_win_indep_alternative_cor0.6_kappa0.6",0.569250079850359,"p_win_indep, alternative_cor0.6_kappa0.6","win_statistics_simulation.rds"
"table3_win_statistics","p_loss_indep_alternative_cor0.6_kappa0.6",0.414237013390113,"p_loss_indep, alternative_cor0.6_kappa0.6","win_statistics_simulation.rds"
"table3_win_statistics","p_tie_indep_alternative_cor0.6_kappa0.6",0.016512906759528,"p_tie_indep, alternative_cor0.6_kappa0.6","win_statistics_simulation.rds"
"table3_win_statistics","power_wr_indep_alternative_cor0.6_kappa0.6",0.947617424617512,"power_wr_indep, alternative_cor0.6_kappa0.6","win_statistics_simulation.rds"
"table3_win_statistics","power_wo_indep_alternative_cor0.6_kappa0.6",0.947511116405517,"power_wo_indep, alternative_cor0.6_kappa0.6","win_statistics_simulation.rds"
"table3_win_statistics","nsim_alternative_cor0.6_kappa0.6",10000,"nsim, alternative_cor0.6_kappa0.6","win_statistics_simulation.rds"
"table3_win_statistics","mean_cutoff_alternative_cor0.6_kappa0.6",30.6794134118457,"mean_cutoff, alternative_cor0.6_kappa0.6","win_statistics_simulation.rds"
"table3_win_statistics","cor_os_resp_null_cor0_kappa1",-1.65645432515163e-13,"cor_os_resp, null_cor0_kappa1","win_statistics_simulation.rds"
"table3_win_statistics","cor_pfs_os_null_cor0_kappa1",0.608869519047493,"cor_pfs_os, null_cor0_kappa1","win_statistics_simulation.rds"
"table3_win_statistics","rej_wr_null_cor0_kappa1",0.0225,"rej_wr, null_cor0_kappa1","win_statistics_simulation.rds"
"table3_win_statistics","rej_wo_null_cor0_kappa1",0.0225,"rej_wo, null_cor0_kappa1","win_statistics_simulation.rds"
"table3_win_statistics","rej_logrank_os_null_cor0_kappa1",0.025,"rej_logrank_os, null_cor0_kappa1","win_statistics_simulation.rds"
"table3_win_statistics","rej_logrank_pfs_null_cor0_kappa1",0.0253,"rej_logrank_pfs, null_cor0_kappa1","win_statistics_simulation.rds"
"table3_win_statistics","rej_orr_null_cor0_kappa1",0.0262,"rej_orr, null_cor0_kappa1","win_statistics_simulation.rds"
"table3_win_statistics","p_win_null_cor0_kappa1",0.471505171428571,"p_win, null_cor0_kappa1","win_statistics_simulation.rds"
"table3_win_statistics","p_loss_null_cor0_kappa1",0.470804874285714,"p_loss, null_cor0_kappa1","win_statistics_simulation.rds"
"table3_win_statistics","p_tie_null_cor0_kappa1",0.0576899542857143,"p_tie, null_cor0_kappa1","win_statistics_simulation.rds"
"table3_win_statistics","win_os_null_cor0_kappa1",0.310177566530612,"win_os, null_cor0_kappa1","win_statistics_simulation.rds"
"table3_win_statistics","loss_os_null_cor0_kappa1",0.309465622857143,"loss_os, null_cor0_kappa1","win_statistics_simulation.rds"
"table3_win_statistics","win_pfs_null_cor0_kappa1",0.14080443755102,"win_pfs, null_cor0_kappa1","win_statistics_simulation.rds"
"table3_win_statistics","loss_pfs_null_cor0_kappa1",0.140776403265306,"loss_pfs, null_cor0_kappa1","win_statistics_simulation.rds"
"table3_win_statistics","win_resp_null_cor0_kappa1",0.0205231673469388,"win_resp, null_cor0_kappa1","win_statistics_simulation.rds"
"table3_win_statistics","loss_resp_null_cor0_kappa1",0.0205628481632653,"loss_resp, null_cor0_kappa1","win_statistics_simulation.rds"
"table3_win_statistics","mwin_os_null_cor0_kappa1",0.310177566530612,"mwin_os, null_cor0_kappa1","win_statistics_simulation.rds"
"table3_win_statistics","mloss_os_null_cor0_kappa1",0.309465622857143,"mloss_os, null_cor0_kappa1","win_statistics_simulation.rds"
"table3_win_statistics","mwin_pfs_null_cor0_kappa1",0.450962053061224,"mwin_pfs, null_cor0_kappa1","win_statistics_simulation.rds"
"table3_win_statistics","mloss_pfs_null_cor0_kappa1",0.450261977142857,"mloss_pfs, null_cor0_kappa1","win_statistics_simulation.rds"
"table3_win_statistics","mwin_resp_null_cor0_kappa1",0.209507457142857,"mwin_resp, null_cor0_kappa1","win_statistics_simulation.rds"
"table3_win_statistics","mloss_resp_null_cor0_kappa1",0.209678314285714,"mloss_resp, null_cor0_kappa1","win_statistics_simulation.rds"
"table3_win_statistics","wr_mean_prob_null_cor0_kappa1",1.00148744667081,"wr_mean_prob, null_cor0_kappa1","win_statistics_simulation.rds"
"table3_win_statistics","wo_mean_prob_null_cor0_kappa1",1.00140157580525,"wo_mean_prob, null_cor0_kappa1","win_statistics_simulation.rds"
"table3_win_statistics","power_wr_formula_null_cor0_kappa1",0.0259542748711996,"power_wr_formula, null_cor0_kappa1","win_statistics_simulation.rds"
"table3_win_statistics","power_wo_formula_null_cor0_kappa1",0.025954274851204,"power_wo_formula, null_cor0_kappa1","win_statistics_simulation.rds"
"table3_win_statistics","p_win_indep_null_cor0_kappa1",0.489575273545118,"p_win_indep, null_cor0_kappa1","win_statistics_simulation.rds"
"table3_win_statistics","p_loss_indep_null_cor0_kappa1",0.488603470350288,"p_loss_indep, null_cor0_kappa1","win_statistics_simulation.rds"
"table3_win_statistics","p_tie_indep_null_cor0_kappa1",0.0218212561045935,"p_tie_indep, null_cor0_kappa1","win_statistics_simulation.rds"
"table3_win_statistics","power_wr_indep_null_cor0_kappa1",0.0263304134842772,"power_wr_indep, null_cor0_kappa1","win_statistics_simulation.rds"
"table3_win_statistics","power_wo_indep_null_cor0_kappa1",0.0263304134649706,"power_wo_indep, null_cor0_kappa1","win_statistics_simulation.rds"
"table3_win_statistics","nsim_null_cor0_kappa1",10000,"nsim, null_cor0_kappa1","win_statistics_simulation.rds"
"table3_win_statistics","mean_cutoff_null_cor0_kappa1",28.7678314923499,"mean_cutoff, null_cor0_kappa1","win_statistics_simulation.rds"
"table3_win_statistics","cor_os_resp_null_cor0.2_kappa1",0.121773903809492,"cor_os_resp, null_cor0.2_kappa1","win_statistics_simulation.rds"
"table3_win_statistics","cor_pfs_os_null_cor0.2_kappa1",0.608869519047493,"cor_pfs_os, null_cor0.2_kappa1","win_statistics_simulation.rds"
"table3_win_statistics","rej_wr_null_cor0.2_kappa1",0.0253,"rej_wr, null_cor0.2_kappa1","win_statistics_simulation.rds"
"table3_win_statistics","rej_wo_null_cor0.2_kappa1",0.0253,"rej_wo, null_cor0.2_kappa1","win_statistics_simulation.rds"
"table3_win_statistics","rej_logrank_os_null_cor0.2_kappa1",0.0256,"rej_logrank_os, null_cor0.2_kappa1","win_statistics_simulation.rds"
"table3_win_statistics","rej_logrank_pfs_null_cor0.2_kappa1",0.0279,"rej_logrank_pfs, null_cor0.2_kappa1","win_statistics_simulation.rds"
"table3_win_statistics","rej_orr_null_cor0.2_kappa1",0.0245,"rej_orr, null_cor0.2_kappa1","win_statistics_simulation.rds"
"table3_win_statistics","p_win_null_cor0.2_kappa1",0.474571535510204,"p_win, null_cor0.2_kappa1","win_statistics_simulation.rds"
"table3_win_statistics","p_loss_null_cor0.2_kappa1",0.473620537959184,"p_loss, null_cor0.2_kappa1","win_statistics_simulation.rds"
"table3_win_statistics","p_tie_null_cor0.2_kappa1",0.0518079265306122,"p_tie, null_cor0.2_kappa1","win_statistics_simulation.rds"
"table3_win_statistics","win_os_null_cor0.2_kappa1",0.31029466122449,"win_os, null_cor0.2_kappa1","win_statistics_simulation.rds"
"table3_win_statistics","loss_os_null_cor0.2_kappa1",0.309431191836735,"loss_os, null_cor0.2_kappa1","win_statistics_simulation.rds"
"table3_win_statistics","win_pfs_null_cor0.2_kappa1",0.140810182857143,"win_pfs, null_cor0.2_kappa1","win_statistics_simulation.rds"
"table3_win_statistics","loss_pfs_null_cor0.2_kappa1",0.140614422040816,"loss_pfs, null_cor0.2_kappa1","win_statistics_simulation.rds"
"table3_win_statistics","win_resp_null_cor0.2_kappa1",0.0234666914285714,"win_resp, null_cor0.2_kappa1","win_statistics_simulation.rds"
"table3_win_statistics","loss_resp_null_cor0.2_kappa1",0.0235749240816327,"loss_resp, null_cor0.2_kappa1","win_statistics_simulation.rds"
"table3_win_statistics","mwin_os_null_cor0.2_kappa1",0.31029466122449,"mwin_os, null_cor0.2_kappa1","win_statistics_simulation.rds"
"table3_win_statistics","mloss_os_null_cor0.2_kappa1",0.309431191836735,"mloss_os, null_cor0.2_kappa1","win_statistics_simulation.rds"
"table3_win_statistics","mwin_pfs_null_cor0.2_kappa1",0.451055186122449,"mwin_pfs, null_cor0.2_kappa1","win_statistics_simulation.rds"
"table3_win_statistics","mloss_pfs_null_cor0.2_kappa1",0.450095271836735,"mloss_pfs, null_cor0.2_kappa1","win_statistics_simulation.rds"
"table3_win_statistics","mwin_resp_null_cor0.2_kappa1",0.209410137142857,"mwin_resp, null_cor0.2_kappa1","win_statistics_simulation.rds"
"table3_win_statistics","mloss_resp_null_cor0.2_kappa1",0.209623851428571,"mloss_resp, null_cor0.2_kappa1","win_statistics_simulation.rds"
"table3_win_statistics","wr_mean_prob_null_cor0.2_kappa1",1.00200793140246,"wr_mean_prob, null_cor0.2_kappa1","win_statistics_simulation.rds"
"table3_win_statistics","wo_mean_prob_null_cor0.2_kappa1",1.00190380561652,"wo_mean_prob, null_cor0.2_kappa1","win_statistics_simulation.rds"
"table3_win_statistics","power_wr_formula_null_cor0.2_kappa1",0.026302792702373,"power_wr_formula, null_cor0.2_kappa1","win_statistics_simulation.rds"
"table3_win_statistics","power_wo_formula_null_cor0.2_kappa1",0.0263027926573397,"power_wo_formula, null_cor0.2_kappa1","win_statistics_simulation.rds"
"table3_win_statistics","p_win_indep_null_cor0.2_kappa1",0.489690998756513,"p_win_indep, null_cor0.2_kappa1","win_statistics_simulation.rds"
"table3_win_statistics","p_loss_indep_null_cor0.2_kappa1",0.488470532286654,"p_loss_indep, null_cor0.2_kappa1","win_statistics_simulation.rds"
"table3_win_statistics","p_tie_indep_null_cor0.2_kappa1",0.0218384689568335,"p_tie_indep, null_cor0.2_kappa1","win_statistics_simulation.rds"
"table3_win_statistics","power_wr_indep_null_cor0.2_kappa1",0.0266801911484115,"power_wr_indep, null_cor0.2_kappa1","win_statistics_simulation.rds"
"table3_win_statistics","power_wo_indep_null_cor0.2_kappa1",0.0266801911097132,"power_wo_indep, null_cor0.2_kappa1","win_statistics_simulation.rds"
"table3_win_statistics","nsim_null_cor0.2_kappa1",10000,"nsim, null_cor0.2_kappa1","win_statistics_simulation.rds"
"table3_win_statistics","mean_cutoff_null_cor0.2_kappa1",28.7738823792695,"mean_cutoff, null_cor0.2_kappa1","win_statistics_simulation.rds"
"table3_win_statistics","cor_os_resp_null_cor0.4_kappa1",0.243547807625833,"cor_os_resp, null_cor0.4_kappa1","win_statistics_simulation.rds"
"table3_win_statistics","cor_pfs_os_null_cor0.4_kappa1",0.608869519047493,"cor_pfs_os, null_cor0.4_kappa1","win_statistics_simulation.rds"
"table3_win_statistics","rej_wr_null_cor0.4_kappa1",0.026,"rej_wr, null_cor0.4_kappa1","win_statistics_simulation.rds"
"table3_win_statistics","rej_wo_null_cor0.4_kappa1",0.026,"rej_wo, null_cor0.4_kappa1","win_statistics_simulation.rds"
"table3_win_statistics","rej_logrank_os_null_cor0.4_kappa1",0.0265,"rej_logrank_os, null_cor0.4_kappa1","win_statistics_simulation.rds"
"table3_win_statistics","rej_logrank_pfs_null_cor0.4_kappa1",0.0231,"rej_logrank_pfs, null_cor0.4_kappa1","win_statistics_simulation.rds"
"table3_win_statistics","rej_orr_null_cor0.4_kappa1",0.0265,"rej_orr, null_cor0.4_kappa1","win_statistics_simulation.rds"
"table3_win_statistics","p_win_null_cor0.4_kappa1",0.474980342857143,"p_win, null_cor0.4_kappa1","win_statistics_simulation.rds"
"table3_win_statistics","p_loss_null_cor0.4_kappa1",0.474871895510204,"p_loss, null_cor0.4_kappa1","win_statistics_simulation.rds"
"table3_win_statistics","p_tie_null_cor0.4_kappa1",0.0501477616326531,"p_tie, null_cor0.4_kappa1","win_statistics_simulation.rds"
"table3_win_statistics","win_os_null_cor0.4_kappa1",0.309934976326531,"win_os, null_cor0.4_kappa1","win_statistics_simulation.rds"
"table3_win_statistics","loss_os_null_cor0.4_kappa1",0.309769737142857,"loss_os, null_cor0.4_kappa1","win_statistics_simulation.rds"
"table3_win_statistics","win_pfs_null_cor0.4_kappa1",0.140727735510204,"win_pfs, null_cor0.4_kappa1","win_statistics_simulation.rds"
"table3_win_statistics","loss_pfs_null_cor0.4_kappa1",0.140798156734694,"loss_pfs, null_cor0.4_kappa1","win_statistics_simulation.rds"
"table3_win_statistics","win_resp_null_cor0.4_kappa1",0.0243176310204082,"win_resp, null_cor0.4_kappa1","win_statistics_simulation.rds"
"table3_win_statistics","loss_resp_null_cor0.4_kappa1",0.0243040016326531,"loss_resp, null_cor0.4_kappa1","win_statistics_simulation.rds"
"table3_win_statistics","mwin_os_null_cor0.4_kappa1",0.309934976326531,"mwin_os, null_cor0.4_kappa1","win_statistics_simulation.rds"
"table3_win_statistics","mloss_os_null_cor0.4_kappa1",0.309769737142857,"mloss_os, null_cor0.4_kappa1","win_statistics_simulation.rds"
"table3_win_statistics","mwin_pfs_null_cor0.4_kappa1",0.450678266938775,"mwin_pfs, null_cor0.4_kappa1","win_statistics_simulation.rds"
"table3_win_statistics","mloss_pfs_null_cor0.4_kappa1",0.45055233877551,"mloss_pfs, null_cor0.4_kappa1","win_statistics_simulation.rds"
"table3_win_statistics","mwin_resp_null_cor0.4_kappa1",0.209290795102041,"mwin_resp, null_cor0.4_kappa1","win_statistics_simulation.rds"
"table3_win_statistics","mloss_resp_null_cor0.4_kappa1",0.209480795102041,"mloss_resp, null_cor0.4_kappa1","win_statistics_simulation.rds"
"table3_win_statistics","wr_mean_prob_null_cor0.4_kappa1",1.00022837179451,"wr_mean_prob, null_cor0.4_kappa1","win_statistics_simulation.rds"
"table3_win_statistics","wo_mean_prob_null_cor0.4_kappa1",1.00021691821808,"wo_mean_prob, null_cor0.4_kappa1","win_statistics_simulation.rds"
"table3_win_statistics","power_wr_formula_null_cor0.4_kappa1",0.0251457646118706,"power_wr_formula, null_cor0.4_kappa1","win_statistics_simulation.rds"
"table3_win_statistics","power_wo_formula_null_cor0.4_kappa1",0.0251457646118086,"power_wo_formula, null_cor0.4_kappa1","win_statistics_simulation.rds"
"table3_win_statistics","p_win_indep_null_cor0.4_kappa1",0.489187080531535,"p_win_indep, null_cor0.4_kappa1","win_statistics_simulation.rds"
"table3_win_statistics","p_loss_indep_null_cor0.4_kappa1",0.4889810881526,"p_loss_indep, null_cor0.4_kappa1","win_statistics_simulation.rds"
"table3_win_statistics","p_tie_indep_null_cor0.4_kappa1",0.0218318313158646,"p_tie_indep, null_cor0.4_kappa1","win_statistics_simulation.rds"
"table3_win_statistics","power_wr_indep_null_cor0.4_kappa1",0.0252771988418113,"power_wr_indep, null_cor0.4_kappa1","win_statistics_simulation.rds"
"table3_win_statistics","power_wo_indep_null_cor0.4_kappa1",0.0252771988416333,"power_wo_indep, null_cor0.4_kappa1","win_statistics_simulation.rds"
"table3_win_statistics","nsim_null_cor0.4_kappa1",10000,"nsim, null_cor0.4_kappa1","win_statistics_simulation.rds"
"table3_win_statistics","mean_cutoff_null_cor0.4_kappa1",28.7790813229951,"mean_cutoff, null_cor0.4_kappa1","win_statistics_simulation.rds"
"table3_win_statistics","cor_os_resp_null_cor0.6_kappa1",0.365321711426655,"cor_os_resp, null_cor0.6_kappa1","win_statistics_simulation.rds"
"table3_win_statistics","cor_pfs_os_null_cor0.6_kappa1",0.608869519047493,"cor_pfs_os, null_cor0.6_kappa1","win_statistics_simulation.rds"
"table3_win_statistics","rej_wr_null_cor0.6_kappa1",0.0255,"rej_wr, null_cor0.6_kappa1","win_statistics_simulation.rds"
"table3_win_statistics","rej_wo_null_cor0.6_kappa1",0.0255,"rej_wo, null_cor0.6_kappa1","win_statistics_simulation.rds"
"table3_win_statistics","rej_logrank_os_null_cor0.6_kappa1",0.0288,"rej_logrank_os, null_cor0.6_kappa1","win_statistics_simulation.rds"
"table3_win_statistics","rej_logrank_pfs_null_cor0.6_kappa1",0.0236,"rej_logrank_pfs, null_cor0.6_kappa1","win_statistics_simulation.rds"
"table3_win_statistics","rej_orr_null_cor0.6_kappa1",0.0257,"rej_orr, null_cor0.6_kappa1","win_statistics_simulation.rds"
"table3_win_statistics","p_win_null_cor0.6_kappa1",0.473267112653061,"p_win, null_cor0.6_kappa1","win_statistics_simulation.rds"
"table3_win_statistics","p_loss_null_cor0.6_kappa1",0.473275534693878,"p_loss, null_cor0.6_kappa1","win_statistics_simulation.rds"
"table3_win_statistics","p_tie_null_cor0.6_kappa1",0.0534573526530612,"p_tie, null_cor0.6_kappa1","win_statistics_simulation.rds"
"table3_win_statistics","win_os_null_cor0.6_kappa1",0.309826873469388,"win_os, null_cor0.6_kappa1","win_statistics_simulation.rds"
"table3_win_statistics","loss_os_null_cor0.6_kappa1",0.309830026122449,"loss_os, null_cor0.6_kappa1","win_statistics_simulation.rds"
"table3_win_statistics","win_pfs_null_cor0.6_kappa1",0.140666823673469,"win_pfs, null_cor0.6_kappa1","win_statistics_simulation.rds"
"table3_win_statistics","loss_pfs_null_cor0.6_kappa1",0.140736838367347,"loss_pfs, null_cor0.6_kappa1","win_statistics_simulation.rds"
"table3_win_statistics","win_resp_null_cor0.6_kappa1",0.0227734155102041,"win_resp, null_cor0.6_kappa1","win_statistics_simulation.rds"
"table3_win_statistics","loss_resp_null_cor0.6_kappa1",0.0227086702040816,"loss_resp, null_cor0.6_kappa1","win_statistics_simulation.rds"
"table3_win_statistics","mwin_os_null_cor0.6_kappa1",0.309826873469388,"mwin_os, null_cor0.6_kappa1","win_statistics_simulation.rds"
"table3_win_statistics","mloss_os_null_cor0.6_kappa1",0.309830026122449,"mloss_os, null_cor0.6_kappa1","win_statistics_simulation.rds"
"table3_win_statistics","mwin_pfs_null_cor0.6_kappa1",0.450496721632653,"mwin_pfs, null_cor0.6_kappa1","win_statistics_simulation.rds"
"table3_win_statistics","mloss_pfs_null_cor0.6_kappa1",0.45056384,"mloss_pfs, null_cor0.6_kappa1","win_statistics_simulation.rds"
"table3_win_statistics","mwin_resp_null_cor0.6_kappa1",0.209300648979592,"mwin_resp, null_cor0.6_kappa1","win_statistics_simulation.rds"
"table3_win_statistics","mloss_resp_null_cor0.6_kappa1",0.20908007755102,"mloss_resp, null_cor0.6_kappa1","win_statistics_simulation.rds"
"table3_win_statistics","wr_mean_prob_null_cor0.6_kappa1",0.999982204783051,"wr_mean_prob, null_cor0.6_kappa1","win_statistics_simulation.rds"
"table3_win_statistics","wo_mean_prob_null_cor0.6_kappa1",0.999983156060228,"wo_mean_prob, null_cor0.6_kappa1","win_statistics_simulation.rds"
"table3_win_statistics","power_wr_formula_null_cor0.6_kappa1",0.0250112966207743,"power_wr_formula, null_cor0.6_kappa1","win_statistics_simulation.rds"
"table3_win_statistics","power_wo_formula_null_cor0.6_kappa1",0.0250112966207743,"power_wo_formula, null_cor0.6_kappa1","win_statistics_simulation.rds"
"table3_win_statistics","p_win_indep_null_cor0.6_kappa1",0.489046371943321,"p_win_indep, null_cor0.6_kappa1","win_statistics_simulation.rds"
"table3_win_statistics","p_loss_indep_null_cor0.6_kappa1",0.48906675229572,"p_loss_indep, null_cor0.6_kappa1","win_statistics_simulation.rds"
"table3_win_statistics","p_tie_indep_null_cor0.6_kappa1",0.0218868757609582,"p_tie_indep, null_cor0.6_kappa1","win_statistics_simulation.rds"
"table3_win_statistics","power_wr_indep_null_cor0.6_kappa1",0.0250273112803063,"power_wr_indep, null_cor0.6_kappa1","win_statistics_simulation.rds"
"table3_win_statistics","power_wo_indep_null_cor0.6_kappa1",0.0250273112803061,"power_wo_indep, null_cor0.6_kappa1","win_statistics_simulation.rds"
"table3_win_statistics","nsim_null_cor0.6_kappa1",10000,"nsim, null_cor0.6_kappa1","win_statistics_simulation.rds"
"table3_win_statistics","mean_cutoff_null_cor0.6_kappa1",28.7597244417945,"mean_cutoff, null_cor0.6_kappa1","win_statistics_simulation.rds"
"table3_win_statistics","cor_os_resp_null_cor0_kappa0.6",0.169480508049749,"cor_os_resp, null_cor0_kappa0.6","win_statistics_simulation.rds"
"table3_win_statistics","cor_pfs_os_null_cor0_kappa0.6",0.57692208399494,"cor_pfs_os, null_cor0_kappa0.6","win_statistics_simulation.rds"
"table3_win_statistics","rej_wr_null_cor0_kappa0.6",0.0249,"rej_wr, null_cor0_kappa0.6","win_statistics_simulation.rds"
"table3_win_statistics","rej_wo_null_cor0_kappa0.6",0.0249,"rej_wo, null_cor0_kappa0.6","win_statistics_simulation.rds"
"table3_win_statistics","rej_logrank_os_null_cor0_kappa0.6",0.0258,"rej_logrank_os, null_cor0_kappa0.6","win_statistics_simulation.rds"
"table3_win_statistics","rej_logrank_pfs_null_cor0_kappa0.6",0.0254,"rej_logrank_pfs, null_cor0_kappa0.6","win_statistics_simulation.rds"
"table3_win_statistics","rej_orr_null_cor0_kappa0.6",0.0251,"rej_orr, null_cor0_kappa0.6","win_statistics_simulation.rds"
"table3_win_statistics","p_win_null_cor0_kappa0.6",0.471036166530612,"p_win, null_cor0_kappa0.6","win_statistics_simulation.rds"
"table3_win_statistics","p_loss_null_cor0_kappa0.6",0.471631948571429,"p_loss, null_cor0_kappa0.6","win_statistics_simulation.rds"
"table3_win_statistics","p_tie_null_cor0_kappa0.6",0.0573318848979592,"p_tie, null_cor0_kappa0.6","win_statistics_simulation.rds"
"table3_win_statistics","win_os_null_cor0_kappa0.6",0.311353453061224,"win_os, null_cor0_kappa0.6","win_statistics_simulation.rds"
"table3_win_statistics","loss_os_null_cor0_kappa0.6",0.311691478367347,"loss_os, null_cor0_kappa0.6","win_statistics_simulation.rds"
"table3_win_statistics","win_pfs_null_cor0_kappa0.6",0.139341263673469,"win_pfs, null_cor0_kappa0.6","win_statistics_simulation.rds"
"table3_win_statistics","loss_pfs_null_cor0_kappa0.6",0.139479196734694,"loss_pfs, null_cor0_kappa0.6","win_statistics_simulation.rds"
"table3_win_statistics","win_resp_null_cor0_kappa0.6",0.0203414497959184,"win_resp, null_cor0_kappa0.6","win_statistics_simulation.rds"
"table3_win_statistics","loss_resp_null_cor0_kappa0.6",0.0204612734693878,"loss_resp, null_cor0_kappa0.6","win_statistics_simulation.rds"
"table3_win_statistics","mwin_os_null_cor0_kappa0.6",0.311353453061224,"mwin_os, null_cor0_kappa0.6","win_statistics_simulation.rds"
"table3_win_statistics","mloss_os_null_cor0_kappa0.6",0.311691478367347,"mloss_os, null_cor0_kappa0.6","win_statistics_simulation.rds"
"table3_win_statistics","mwin_pfs_null_cor0_kappa0.6",0.45064355755102,"mwin_pfs, null_cor0_kappa0.6","win_statistics_simulation.rds"
"table3_win_statistics","mloss_pfs_null_cor0_kappa0.6",0.451221834285714,"mloss_pfs, null_cor0_kappa0.6","win_statistics_simulation.rds"
"table3_win_statistics","mwin_resp_null_cor0_kappa0.6",0.209589088163265,"mwin_resp, null_cor0_kappa0.6","win_statistics_simulation.rds"
"table3_win_statistics","mloss_resp_null_cor0_kappa0.6",0.209766516734694,"mloss_resp, null_cor0_kappa0.6","win_statistics_simulation.rds"
"table3_win_statistics","wr_mean_prob_null_cor0_kappa0.6",0.998736764880706,"wr_mean_prob, null_cor0_kappa0.6","win_statistics_simulation.rds"
"table3_win_statistics","wo_mean_prob_null_cor0_kappa0.6",0.998809145408146,"wo_mean_prob, null_cor0_kappa0.6","win_statistics_simulation.rds"
"table3_win_statistics","power_wr_formula_null_cor0_kappa0.6",0.0258099324179926,"power_wr_formula, null_cor0_kappa0.6","win_statistics_simulation.rds"
"table3_win_statistics","power_wo_formula_null_cor0_kappa0.6",0.0258099324058208,"power_wo_formula, null_cor0_kappa0.6","win_statistics_simulation.rds"
"table3_win_statistics","p_win_indep_null_cor0_kappa0.6",0.488979016578987,"p_win_indep, null_cor0_kappa0.6","win_statistics_simulation.rds"
"table3_win_statistics","p_loss_indep_null_cor0_kappa0.6",0.489541589728965,"p_loss_indep, null_cor0_kappa0.6","win_statistics_simulation.rds"
"table3_win_statistics","p_tie_indep_null_cor0_kappa0.6",0.0214793936920477,"p_tie_indep, null_cor0_kappa0.6","win_statistics_simulation.rds"
"table3_win_statistics","power_wr_indep_null_cor0_kappa0.6",0.0257631212885266,"power_wr_indep, null_cor0_kappa0.6","win_statistics_simulation.rds"
"table3_win_statistics","power_wo_indep_null_cor0_kappa0.6",0.0257631212849083,"power_wo_indep, null_cor0_kappa0.6","win_statistics_simulation.rds"
"table3_win_statistics","nsim_null_cor0_kappa0.6",10000,"nsim, null_cor0_kappa0.6","win_statistics_simulation.rds"
"table3_win_statistics","mean_cutoff_null_cor0_kappa0.6",28.8014369752014,"mean_cutoff, null_cor0_kappa0.6","win_statistics_simulation.rds"
"table3_win_statistics","cor_os_resp_null_cor0.2_kappa0.6",0.278973068014823,"cor_os_resp, null_cor0.2_kappa0.6","win_statistics_simulation.rds"
"table3_win_statistics","cor_pfs_os_null_cor0.2_kappa0.6",0.590087070997732,"cor_pfs_os, null_cor0.2_kappa0.6","win_statistics_simulation.rds"
"table3_win_statistics","rej_wr_null_cor0.2_kappa0.6",0.0232,"rej_wr, null_cor0.2_kappa0.6","win_statistics_simulation.rds"
"table3_win_statistics","rej_wo_null_cor0.2_kappa0.6",0.0232,"rej_wo, null_cor0.2_kappa0.6","win_statistics_simulation.rds"
"table3_win_statistics","rej_logrank_os_null_cor0.2_kappa0.6",0.0241,"rej_logrank_os, null_cor0.2_kappa0.6","win_statistics_simulation.rds"
"table3_win_statistics","rej_logrank_pfs_null_cor0.2_kappa0.6",0.0254,"rej_logrank_pfs, null_cor0.2_kappa0.6","win_statistics_simulation.rds"
"table3_win_statistics","rej_orr_null_cor0.2_kappa0.6",0.0282,"rej_orr, null_cor0.2_kappa0.6","win_statistics_simulation.rds"
"table3_win_statistics","p_win_null_cor0.2_kappa0.6",0.474712376326531,"p_win, null_cor0.2_kappa0.6","win_statistics_simulation.rds"
"table3_win_statistics","p_loss_null_cor0.2_kappa0.6",0.474377151836735,"p_loss, null_cor0.2_kappa0.6","win_statistics_simulation.rds"
"table3_win_statistics","p_tie_null_cor0.2_kappa0.6",0.0509104718367347,"p_tie, null_cor0.2_kappa0.6","win_statistics_simulation.rds"
"table3_win_statistics","win_os_null_cor0.2_kappa0.6",0.312790046530612,"win_os, null_cor0.2_kappa0.6","win_statistics_simulation.rds"
"table3_win_statistics","loss_os_null_cor0.2_kappa0.6",0.31248454122449,"loss_os, null_cor0.2_kappa0.6","win_statistics_simulation.rds"
"table3_win_statistics","win_pfs_null_cor0.2_kappa0.6",0.138761241632653,"win_pfs, null_cor0.2_kappa0.6","win_statistics_simulation.rds"
"table3_win_statistics","loss_pfs_null_cor0.2_kappa0.6",0.138791075102041,"loss_pfs, null_cor0.2_kappa0.6","win_statistics_simulation.rds"
"table3_win_statistics","win_resp_null_cor0.2_kappa0.6",0.0231610881632653,"win_resp, null_cor0.2_kappa0.6","win_statistics_simulation.rds"
"table3_win_statistics","loss_resp_null_cor0.2_kappa0.6",0.0231015355102041,"loss_resp, null_cor0.2_kappa0.6","win_statistics_simulation.rds"
"table3_win_statistics","mwin_os_null_cor0.2_kappa0.6",0.312790046530612,"mwin_os, null_cor0.2_kappa0.6","win_statistics_simulation.rds"
"table3_win_statistics","mloss_os_null_cor0.2_kappa0.6",0.31248454122449,"mloss_os, null_cor0.2_kappa0.6","win_statistics_simulation.rds"
"table3_win_statistics","mwin_pfs_null_cor0.2_kappa0.6",0.451445919183673,"mwin_pfs, null_cor0.2_kappa0.6","win_statistics_simulation.rds"
"table3_win_statistics","mloss_pfs_null_cor0.2_kappa0.6",0.451380985306122,"mloss_pfs, null_cor0.2_kappa0.6","win_statistics_simulation.rds"
"table3_win_statistics","mwin_resp_null_cor0.2_kappa0.6",0.209739923265306,"mwin_resp, null_cor0.2_kappa0.6","win_statistics_simulation.rds"
"table3_win_statistics","mloss_resp_null_cor0.2_kappa0.6",0.209302780408163,"mloss_resp, null_cor0.2_kappa0.6","win_statistics_simulation.rds"
"table3_win_statistics","wr_mean_prob_null_cor0.2_kappa0.6",1.00070666238561,"wr_mean_prob, null_cor0.2_kappa0.6","win_statistics_simulation.rds"
"table3_win_statistics","wo_mean_prob_null_cor0.2_kappa0.6",1.00067067380588,"wo_mean_prob, null_cor0.2_kappa0.6","win_statistics_simulation.rds"
"table3_win_statistics","power_wr_formula_null_cor0.2_kappa0.6",0.0254528974964318,"power_wr_formula, null_cor0.2_kappa0.6","win_statistics_simulation.rds"
"table3_win_statistics","power_wo_formula_null_cor0.2_kappa0.6",0.0254528974945488,"power_wo_formula, null_cor0.2_kappa0.6","win_statistics_simulation.rds"
"table3_win_statistics","p_win_indep_null_cor0.2_kappa0.6",0.489595612407059,"p_win_indep, null_cor0.2_kappa0.6","win_statistics_simulation.rds"
"table3_win_statistics","p_loss_indep_null_cor0.2_kappa0.6",0.489249856944257,"p_loss_indep, null_cor0.2_kappa0.6","win_statistics_simulation.rds"
"table3_win_statistics","p_tie_indep_null_cor0.2_kappa0.6",0.0211545306486849,"p_tie_indep, null_cor0.2_kappa0.6","win_statistics_simulation.rds"
"table3_win_statistics","power_wr_indep_null_cor0.2_kappa0.6",0.02546673038394,"power_wr_indep, null_cor0.2_kappa0.6","win_statistics_simulation.rds"
"table3_win_statistics","power_wo_indep_null_cor0.2_kappa0.6",0.025466730383121,"power_wo_indep, null_cor0.2_kappa0.6","win_statistics_simulation.rds"
"table3_win_statistics","nsim_null_cor0.2_kappa0.6",10000,"nsim, null_cor0.2_kappa0.6","win_statistics_simulation.rds"
"table3_win_statistics","mean_cutoff_null_cor0.2_kappa0.6",28.8458407059706,"mean_cutoff, null_cor0.2_kappa0.6","win_statistics_simulation.rds"
"table3_win_statistics","cor_os_resp_null_cor0.4_kappa0.6",0.380885982213031,"cor_os_resp, null_cor0.4_kappa0.6","win_statistics_simulation.rds"
"table3_win_statistics","cor_pfs_os_null_cor0.4_kappa0.6",0.603607682224077,"cor_pfs_os, null_cor0.4_kappa0.6","win_statistics_simulation.rds"
"table3_win_statistics","rej_wr_null_cor0.4_kappa0.6",0.0234,"rej_wr, null_cor0.4_kappa0.6","win_statistics_simulation.rds"
"table3_win_statistics","rej_wo_null_cor0.4_kappa0.6",0.0234,"rej_wo, null_cor0.4_kappa0.6","win_statistics_simulation.rds"
"table3_win_statistics","rej_logrank_os_null_cor0.4_kappa0.6",0.0236,"rej_logrank_os, null_cor0.4_kappa0.6","win_statistics_simulation.rds"
"table3_win_statistics","rej_logrank_pfs_null_cor0.4_kappa0.6",0.0255,"rej_logrank_pfs, null_cor0.4_kappa0.6","win_statistics_simulation.rds"
"table3_win_statistics","rej_orr_null_cor0.4_kappa0.6",0.0252,"rej_orr, null_cor0.4_kappa0.6","win_statistics_simulation.rds"
"table3_win_statistics","p_win_null_cor0.4_kappa0.6",0.47523620244898,"p_win, null_cor0.4_kappa0.6","win_statistics_simulation.rds"
"table3_win_statistics","p_loss_null_cor0.4_kappa0.6",0.47584496,"p_loss, null_cor0.4_kappa0.6","win_statistics_simulation.rds"
"table3_win_statistics","p_tie_null_cor0.4_kappa0.6",0.0489188375510204,"p_tie, null_cor0.4_kappa0.6","win_statistics_simulation.rds"
"table3_win_statistics","win_os_null_cor0.4_kappa0.6",0.313073950204082,"win_os, null_cor0.4_kappa0.6","win_statistics_simulation.rds"
"table3_win_statistics","loss_os_null_cor0.4_kappa0.6",0.313729290612245,"loss_os, null_cor0.4_kappa0.6","win_statistics_simulation.rds"
"table3_win_statistics","win_pfs_null_cor0.4_kappa0.6",0.138410684081633,"win_pfs, null_cor0.4_kappa0.6","win_statistics_simulation.rds"
"table3_win_statistics","loss_pfs_null_cor0.4_kappa0.6",0.138391504489796,"loss_pfs, null_cor0.4_kappa0.6","win_statistics_simulation.rds"
"table3_win_statistics","win_resp_null_cor0.4_kappa0.6",0.0237515681632653,"win_resp, null_cor0.4_kappa0.6","win_statistics_simulation.rds"
"table3_win_statistics","loss_resp_null_cor0.4_kappa0.6",0.0237241648979592,"loss_resp, null_cor0.4_kappa0.6","win_statistics_simulation.rds"
"table3_win_statistics","mwin_os_null_cor0.4_kappa0.6",0.313073950204082,"mwin_os, null_cor0.4_kappa0.6","win_statistics_simulation.rds"
"table3_win_statistics","mloss_os_null_cor0.4_kappa0.6",0.313729290612245,"mloss_os, null_cor0.4_kappa0.6","win_statistics_simulation.rds"
"table3_win_statistics","mwin_pfs_null_cor0.4_kappa0.6",0.451539773877551,"mwin_pfs, null_cor0.4_kappa0.6","win_statistics_simulation.rds"
"table3_win_statistics","mloss_pfs_null_cor0.4_kappa0.6",0.452065655510204,"mloss_pfs, null_cor0.4_kappa0.6","win_statistics_simulation.rds"
"table3_win_statistics","mwin_resp_null_cor0.4_kappa0.6",0.209425826938776,"mwin_resp, null_cor0.4_kappa0.6","win_statistics_simulation.rds"
"table3_win_statistics","mloss_resp_null_cor0.4_kappa0.6",0.20973154122449,"mloss_resp, null_cor0.4_kappa0.6","win_statistics_simulation.rds"
"table3_win_statistics","wr_mean_prob_null_cor0.4_kappa0.6",0.99872068088938,"wr_mean_prob, null_cor0.4_kappa0.6","win_statistics_simulation.rds"
"table3_win_statistics","wo_mean_prob_null_cor0.4_kappa0.6",0.998783225618552,"wo_mean_prob, null_cor0.4_kappa0.6","win_statistics_simulation.rds"
"table3_win_statistics","power_wr_formula_null_cor0.4_kappa0.6",0.0258274373612596,"power_wr_formula, null_cor0.4_kappa0.6","win_statistics_simulation.rds"
"table3_win_statistics","power_wo_formula_null_cor0.4_kappa0.6",0.025827437350327,"power_wo_formula, null_cor0.4_kappa0.6","win_statistics_simulation.rds"
"table3_win_statistics","p_win_indep_null_cor0.4_kappa0.6",0.489121044759478,"p_win_indep, null_cor0.4_kappa0.6","win_statistics_simulation.rds"
"table3_win_statistics","p_loss_indep_null_cor0.4_kappa0.6",0.48998364029759,"p_loss_indep, null_cor0.4_kappa0.6","win_statistics_simulation.rds"
"table3_win_statistics","p_tie_indep_null_cor0.4_kappa0.6",0.0208953149429324,"p_tie_indep, null_cor0.4_kappa0.6","win_statistics_simulation.rds"
"table3_win_statistics","power_wr_indep_null_cor0.4_kappa0.6",0.0261779908950739,"power_wr_indep, null_cor0.4_kappa0.6","win_statistics_simulation.rds"
"table3_win_statistics","power_wo_indep_null_cor0.4_kappa0.6",0.0261779908822261,"power_wo_indep, null_cor0.4_kappa0.6","win_statistics_simulation.rds"
"table3_win_statistics","nsim_null_cor0.4_kappa0.6",10000,"nsim, null_cor0.4_kappa0.6","win_statistics_simulation.rds"
"table3_win_statistics","mean_cutoff_null_cor0.4_kappa0.6",28.8785033238188,"mean_cutoff, null_cor0.4_kappa0.6","win_statistics_simulation.rds"
"table3_win_statistics","cor_os_resp_null_cor0.6_kappa0.6",0.475219845788947,"cor_os_resp, null_cor0.6_kappa0.6","win_statistics_simulation.rds"
"table3_win_statistics","cor_pfs_os_null_cor0.6_kappa0.6",0.616384037963837,"cor_pfs_os, null_cor0.6_kappa0.6","win_statistics_simulation.rds"
"table3_win_statistics","rej_wr_null_cor0.6_kappa0.6",0.0252,"rej_wr, null_cor0.6_kappa0.6","win_statistics_simulation.rds"
"table3_win_statistics","rej_wo_null_cor0.6_kappa0.6",0.0251,"rej_wo, null_cor0.6_kappa0.6","win_statistics_simulation.rds"
"table3_win_statistics","rej_logrank_os_null_cor0.6_kappa0.6",0.0272,"rej_logrank_os, null_cor0.6_kappa0.6","win_statistics_simulation.rds"
"table3_win_statistics","rej_logrank_pfs_null_cor0.6_kappa0.6",0.0242,"rej_logrank_pfs, null_cor0.6_kappa0.6","win_statistics_simulation.rds"
"table3_win_statistics","rej_orr_null_cor0.6_kappa0.6",0.0217,"rej_orr, null_cor0.6_kappa0.6","win_statistics_simulation.rds"
"table3_win_statistics","p_win_null_cor0.6_kappa0.6",0.474192257959184,"p_win, null_cor0.6_kappa0.6","win_statistics_simulation.rds"
"table3_win_statistics","p_loss_null_cor0.6_kappa0.6",0.474323610612245,"p_loss, null_cor0.6_kappa0.6","win_statistics_simulation.rds"
"table3_win_statistics","p_tie_null_cor0.6_kappa0.6",0.0514841314285714,"p_tie, null_cor0.6_kappa0.6","win_statistics_simulation.rds"
"table3_win_statistics","win_os_null_cor0.6_kappa0.6",0.314643096326531,"win_os, null_cor0.6_kappa0.6","win_statistics_simulation.rds"
"table3_win_statistics","loss_os_null_cor0.6_kappa0.6",0.314742504489796,"loss_os, null_cor0.6_kappa0.6","win_statistics_simulation.rds"
"table3_win_statistics","win_pfs_null_cor0.6_kappa0.6",0.137849946122449,"win_pfs, null_cor0.6_kappa0.6","win_statistics_simulation.rds"
"table3_win_statistics","loss_pfs_null_cor0.6_kappa0.6",0.137887431020408,"loss_pfs, null_cor0.6_kappa0.6","win_statistics_simulation.rds"
"table3_win_statistics","win_resp_null_cor0.6_kappa0.6",0.0216992155102041,"win_resp, null_cor0.6_kappa0.6","win_statistics_simulation.rds"
"table3_win_statistics","loss_resp_null_cor0.6_kappa0.6",0.0216936751020408,"loss_resp, null_cor0.6_kappa0.6","win_statistics_simulation.rds"
"table3_win_statistics","mwin_os_null_cor0.6_kappa0.6",0.314643096326531,"mwin_os, null_cor0.6_kappa0.6","win_statistics_simulation.rds"
"table3_win_statistics","mloss_os_null_cor0.6_kappa0.6",0.314742504489796,"mloss_os, null_cor0.6_kappa0.6","win_statistics_simulation.rds"
"table3_win_statistics","mwin_pfs_null_cor0.6_kappa0.6",0.452578697959184,"mwin_pfs, null_cor0.6_kappa0.6","win_statistics_simulation.rds"
"table3_win_statistics","mloss_pfs_null_cor0.6_kappa0.6",0.45254428,"mloss_pfs, null_cor0.6_kappa0.6","win_statistics_simulation.rds"
"table3_win_statistics","mwin_resp_null_cor0.6_kappa0.6",0.209324097142857,"mwin_resp, null_cor0.6_kappa0.6","win_statistics_simulation.rds"
"table3_win_statistics","mloss_resp_null_cor0.6_kappa0.6",0.209391811428571,"mloss_resp, null_cor0.6_kappa0.6","win_statistics_simulation.rds"
"table3_win_statistics","wr_mean_prob_null_cor0.6_kappa0.6",0.999723073762043,"wr_mean_prob, null_cor0.6_kappa0.6","win_statistics_simulation.rds"
"table3_win_statistics","wo_mean_prob_null_cor0.6_kappa0.6",0.999737329196385,"wo_mean_prob, null_cor0.6_kappa0.6","win_statistics_simulation.rds"
"table3_win_statistics","power_wr_formula_null_cor0.6_kappa0.6",0.0251766547477821,"power_wr_formula, null_cor0.6_kappa0.6","win_statistics_simulation.rds"
"table3_win_statistics","power_wo_formula_null_cor0.6_kappa0.6",0.0251766547476683,"power_wo_formula, null_cor0.6_kappa0.6","win_statistics_simulation.rds"
"table3_win_statistics","p_win_indep_null_cor0.6_kappa0.6",0.489735697932624,"p_win_indep, null_cor0.6_kappa0.6","win_statistics_simulation.rds"
"table3_win_statistics","p_loss_indep_null_cor0.6_kappa0.6",0.489824731327869,"p_loss_indep, null_cor0.6_kappa0.6","win_statistics_simulation.rds"
"table3_win_statistics","p_tie_indep_null_cor0.6_kappa0.6",0.0204395707395075,"p_tie_indep, null_cor0.6_kappa0.6","win_statistics_simulation.rds"
"table3_win_statistics","power_wr_indep_null_cor0.6_kappa0.6",0.0251194922138213,"power_wr_indep, null_cor0.6_kappa0.6","win_statistics_simulation.rds"
"table3_win_statistics","power_wo_indep_null_cor0.6_kappa0.6",0.0251194922138079,"power_wo_indep, null_cor0.6_kappa0.6","win_statistics_simulation.rds"
"table3_win_statistics","nsim_null_cor0.6_kappa0.6",10000,"nsim, null_cor0.6_kappa0.6","win_statistics_simulation.rds"
"table3_win_statistics","mean_cutoff_null_cor0.6_kappa0.6",28.9513490064602,"mean_cutoff, null_cor0.6_kappa0.6","win_statistics_simulation.rds"
"tableS2_reproduction","computed_row1",0.522232967867094,"Fleischer et al. (2009): Corr(PFS, OS), lambda = (2, 0.5, 1.5), Section 3","inst/reproduce/output/reproduce_results.csv"
"tableS2_reproduction","computed_row2",0.34253507536798,"Fleischer et al. (2009): Example 1: Corr(PFS, OS)","inst/reproduce/output/reproduce_results.csv"
"tableS2_reproduction","computed_row3",0.209241,"Fleischer et al. (2009): Example 1: proportion dying without progression (simulated, n = 1e6)","inst/reproduce/output/reproduce_results.csv"
"tableS2_reproduction","computed_row4",1.70139219577797,"Fleischer et al. (2009): Example 3: median PFS, control","inst/reproduce/output/reproduce_results.csv"
"tableS2_reproduction","computed_row5",3.40111472306156,"Fleischer et al. (2009): Example 3: median PFS, treatment","inst/reproduce/output/reproduce_results.csv"
"tableS2_reproduction","computed_row6",9.20716436862529,"Fleischer et al. (2009): Example 3: median OS, control","inst/reproduce/output/reproduce_results.csv"
"tableS2_reproduction","computed_row7",9.30436125501283,"Fleischer et al. (2009): Example 3: median OS, treatment","inst/reproduce/output/reproduce_results.csv"
"tableS2_reproduction","computed_row8",4.00338711443,"Fleischer et al. (2009): Example 3: 25th percentile of OS, control","inst/reproduce/output/reproduce_results.csv"
"tableS2_reproduction","computed_row9",4.10337635044971,"Fleischer et al. (2009): Example 3: 25th percentile of OS, treatment","inst/reproduce/output/reproduce_results.csv"
"tableS2_reproduction","computed_row10",8.63181641122836,"Fleischer et al. (2009): Example 3: median OS, control with lambda3 = 0.0876","inst/reproduce/output/reproduce_results.csv"
"tableS2_reproduction","computed_row11",1146.05629150491,"Fleischer et al. (2009): Example 2: expected OS events at 47 months, exponential OS","inst/reproduce/output/reproduce_results.csv"
"tableS2_reproduction","computed_row12",1198.25943833244,"Fleischer et al. (2009): Example 2: expected OS events at 47 months, model with death proportion 1/3","inst/reproduce/output/reproduce_results.csv"
"tableS2_reproduction","computed_row13",NA,"Fleischer et al. (2009): Example 2: power of the log-rank test at 1201 events (88.7%)","inst/reproduce/output/reproduce_results.csv"
"tableS2_reproduction","computed_row14",0.64699663922063,"TrialSimulator (CorrelatedPfsAndOs3 example): Corr(PFS, OS), h01 = 0.1, h02 = 0.05, h12 = 0.12 (simulated, 1e6)","inst/reproduce/output/reproduce_results.csv"
"tableS2_reproduction","computed_row15",4.62098120373297,"TrialSimulator (CorrelatedPfsAndOs3 example): median PFS","inst/reproduce/output/reproduce_results.csv"
"tableS2_reproduction","computed_row16",9.61186493114843,"TrialSimulator (CorrelatedPfsAndOs3 example): median OS","inst/reproduce/output/reproduce_results.csv"
"tableS2_reproduction","computed_row17",0.72,"Erdmann et al. (2025): Table 1, scenario 1: PFS hazard ratio","inst/reproduce/output/reproduce_results.csv"
"tableS2_reproduction","computed_row18",0.725,"Erdmann et al. (2025): Table 1, scenario 2: PFS hazard ratio","inst/reproduce/output/reproduce_results.csv"
"tableS2_reproduction","computed_row19",0.763636363636364,"Erdmann et al. (2025): Table 1, scenario 3: PFS hazard ratio","inst/reproduce/output/reproduce_results.csv"
"tableS2_reproduction","computed_row20",0.8,"Erdmann et al. (2025): Table 1, scenario 4: PFS hazard ratio","inst/reproduce/output/reproduce_results.csv"
"tableS2_reproduction","n_PASS",18,"number of PASS","inst/reproduce/output/reproduce_results.csv"
"tableS2_reproduction","n_EXPLAINED",1,"number of EXPLAINED","inst/reproduce/output/reproduce_results.csv"
"tableS2_reproduction","n_FAIL",0,"number of FAIL","inst/reproduce/output/reproduce_results.csv"
"tableS2_reproduction","n_INFO",1,"number of INFO","inst/reproduce/output/reproduce_results.csv"
"tableS3_generator_validation","n_pass",84,"number of PASS","inst/validation/output/validate_generator.csv"
"tableS3_generator_validation","n_fail",0,"number of FAIL","inst/validation/output/validate_generator.csv"
"tableS3_generator_validation","n_rows",84,"number of comparisons","inst/validation/output/validate_generator.csv"
"tableS3_generator_validation","max_abs_z",3.11330619062004,"largest |z|","inst/validation/output/validate_generator.csv"
"tableS4_function_validation","n_1",28,"comparisons: hand-made data vs Python","inst/paper/validation/output/validate_example_functions.csv"
"tableS4_function_validation","n_2",5,"comparisons: formulas vs Python","inst/paper/validation/output/validate_example_functions.csv"
"tableS4_function_validation","n_3",1,"comparisons: published value","inst/paper/validation/output/validate_example_functions.csv"
"tableS4_function_validation","n_4",8,"comparisons: log-rank vs survival::survdiff (20 trials)","inst/paper/validation/output/validate_example_functions.csv"
"tableS4_function_validation","n_5",1,"comparisons: response Z vs stats::prop.test (20 trials)","inst/paper/validation/output/validate_example_functions.csv"
"tableS4_function_validation","n_6",25,"comparisons: win statistics vs BuyseTest","inst/paper/validation/output/validate_example_functions.csv"
"tableS4_function_validation","n_7",2,"comparisons: 2-in-1 data","inst/paper/validation/output/validate_example_functions.csv"
"tableS4_function_validation","n_8",5,"comparisons: 2-in-1 statistics vs survival and stats (5 trials)","inst/paper/validation/output/validate_example_functions.csv"
"tableS4_function_validation","n_9",5,"comparisons: Figure 1 formulas","inst/paper/validation/output/validate_example_functions.csv"
"tableS4_function_validation","fail_1",0,"FAIL: hand-made data vs Python","inst/paper/validation/output/validate_example_functions.csv"
"tableS4_function_validation","fail_2",0,"FAIL: formulas vs Python","inst/paper/validation/output/validate_example_functions.csv"
"tableS4_function_validation","fail_3",0,"FAIL: published value","inst/paper/validation/output/validate_example_functions.csv"
"tableS4_function_validation","fail_4",0,"FAIL: log-rank vs survival::survdiff (20 trials)","inst/paper/validation/output/validate_example_functions.csv"
"tableS4_function_validation","fail_5",0,"FAIL: response Z vs stats::prop.test (20 trials)","inst/paper/validation/output/validate_example_functions.csv"
"tableS4_function_validation","fail_6",0,"FAIL: win statistics vs BuyseTest","inst/paper/validation/output/validate_example_functions.csv"
"tableS4_function_validation","fail_7",0,"FAIL: 2-in-1 data","inst/paper/validation/output/validate_example_functions.csv"
"tableS4_function_validation","fail_8",0,"FAIL: 2-in-1 statistics vs survival and stats (5 trials)","inst/paper/validation/output/validate_example_functions.csv"
"tableS4_function_validation","fail_9",0,"FAIL: Figure 1 formulas","inst/paper/validation/output/validate_example_functions.csv"
"tableS4_function_validation","total",80,"total comparisons","inst/paper/validation/output/validate_example_functions.csv"
"tableS4_function_validation","total_fail",0,"total FAIL","inst/paper/validation/output/validate_example_functions.csv"
"tableS5_computing_time","sec_idm_none_1000",0.1899999999996,"median elapsed seconds: idm none 1000 trials","computing_time.rds"
"tableS5_computing_time","sec_idm_none_10000",2.72000000000025,"median elapsed seconds: idm none 10000 trials","computing_time.rds"
"tableS5_computing_time","sec_idm_ttr_1000",0.1899999999996,"median elapsed seconds: idm ttr 1000 trials","computing_time.rds"
"tableS5_computing_time","sec_idm_ttr_10000",2.52999999999975,"median elapsed seconds: idm ttr 10000 trials","computing_time.rds"
"tableS5_computing_time","sec_expexp_none_1000",0.270000000000437,"median elapsed seconds: expexp none 1000 trials","computing_time.rds"
"tableS5_computing_time","sec_expexp_none_10000",3.19999999999982,"median elapsed seconds: expexp none 10000 trials","computing_time.rds"
"tableS5_computing_time","sec_expexp_ttr_1000",0.300000000000182,"median elapsed seconds: expexp ttr 1000 trials","computing_time.rds"
"tableS5_computing_time","sec_expexp_ttr_10000",3.31999999999971,"median elapsed seconds: expexp ttr 10000 trials","computing_time.rds"
"tableS6_two_in_one","cor_os_resp_N1_cor0.2_kappa1",0.121773903809492,"cor_os_resp, N1_cor0.2_kappa1","two_in_one_simulation.rds"
"tableS6_two_in_one","r_xy_N1_cor0.2_kappa1",0.182803062948378,"r_xy, N1_cor0.2_kappa1","two_in_one_simulation.rds"
"tableS6_two_in_one","r_xz_N1_cor0.2_kappa1",0.054785827358958,"r_xz, N1_cor0.2_kappa1","two_in_one_simulation.rds"
"tableS6_two_in_one","r_xy_os_N1_cor0.2_kappa1",0.110477463411762,"r_xy_os, N1_cor0.2_kappa1","two_in_one_simulation.rds"
"tableS6_two_in_one","r_xz_pfs_N1_cor0.2_kappa1",0.0840143605801642,"r_xz_pfs, N1_cor0.2_kappa1","two_in_one_simulation.rds"
"tableS6_two_in_one","go_N1_cor0.2_kappa1",0.05146,"go, N1_cor0.2_kappa1","two_in_one_simulation.rds"
"tableS6_two_in_one","ess_N1_cor0.2_kappa1",139.5548,"ess, N1_cor0.2_kappa1","two_in_one_simulation.rds"
"tableS6_two_in_one","success_chen_N1_cor0.2_kappa1",0.02393,"success_chen, N1_cor0.2_kappa1","two_in_one_simulation.rds"
"tableS6_two_in_one","success_g1_N1_cor0.2_kappa1",0.02272,"success_g1, N1_cor0.2_kappa1","two_in_one_simulation.rds"
"tableS6_two_in_one","t_x_N1_cor0.2_kappa1",11.9256892460601,"t_x, N1_cor0.2_kappa1","two_in_one_simulation.rds"
"tableS6_two_in_one","t_y_N1_cor0.2_kappa1",14.2121151265911,"t_y, N1_cor0.2_kappa1","two_in_one_simulation.rds"
"tableS6_two_in_one","t_z_N1_cor0.2_kappa1",37.2473041282553,"t_z, N1_cor0.2_kappa1","two_in_one_simulation.rds"
"tableS6_two_in_one","nsim_N1_cor0.2_kappa1",1e+05,"nsim, N1_cor0.2_kappa1","two_in_one_simulation.rds"
"tableS6_two_in_one","cor_os_resp_N1_cor0.4_kappa1",0.243547807625833,"cor_os_resp, N1_cor0.4_kappa1","two_in_one_simulation.rds"
"tableS6_two_in_one","r_xy_N1_cor0.4_kappa1",0.333758434020403,"r_xy, N1_cor0.4_kappa1","two_in_one_simulation.rds"
"tableS6_two_in_one","r_xz_N1_cor0.4_kappa1",0.104410019083895,"r_xz, N1_cor0.4_kappa1","two_in_one_simulation.rds"
"tableS6_two_in_one","r_xy_os_N1_cor0.4_kappa1",0.190146935374183,"r_xy_os, N1_cor0.4_kappa1","two_in_one_simulation.rds"
"tableS6_two_in_one","r_xz_pfs_N1_cor0.4_kappa1",0.165233327235246,"r_xz_pfs, N1_cor0.4_kappa1","two_in_one_simulation.rds"
"tableS6_two_in_one","go_N1_cor0.4_kappa1",0.05137,"go, N1_cor0.4_kappa1","two_in_one_simulation.rds"
"tableS6_two_in_one","ess_N1_cor0.4_kappa1",139.5206,"ess, N1_cor0.4_kappa1","two_in_one_simulation.rds"
"tableS6_two_in_one","success_chen_N1_cor0.4_kappa1",0.02242,"success_chen, N1_cor0.4_kappa1","two_in_one_simulation.rds"
"tableS6_two_in_one","success_g1_N1_cor0.4_kappa1",0.0219,"success_g1, N1_cor0.4_kappa1","two_in_one_simulation.rds"
"tableS6_two_in_one","t_x_N1_cor0.4_kappa1",11.9248544986605,"t_x, N1_cor0.4_kappa1","two_in_one_simulation.rds"
"tableS6_two_in_one","t_y_N1_cor0.4_kappa1",14.2154969531831,"t_y, N1_cor0.4_kappa1","two_in_one_simulation.rds"
"tableS6_two_in_one","t_z_N1_cor0.4_kappa1",37.2507826340453,"t_z, N1_cor0.4_kappa1","two_in_one_simulation.rds"
"tableS6_two_in_one","nsim_N1_cor0.4_kappa1",1e+05,"nsim, N1_cor0.4_kappa1","two_in_one_simulation.rds"
"tableS6_two_in_one","cor_os_resp_N1_cor0.6_kappa1",0.365321711426655,"cor_os_resp, N1_cor0.6_kappa1","two_in_one_simulation.rds"
"tableS6_two_in_one","r_xy_N1_cor0.6_kappa1",0.513909437372246,"r_xy, N1_cor0.6_kappa1","two_in_one_simulation.rds"
"tableS6_two_in_one","r_xz_N1_cor0.6_kappa1",0.169028156389566,"r_xz, N1_cor0.6_kappa1","two_in_one_simulation.rds"
"tableS6_two_in_one","r_xy_os_N1_cor0.6_kappa1",0.28718033778569,"r_xy_os, N1_cor0.6_kappa1","two_in_one_simulation.rds"
"tableS6_two_in_one","r_xz_pfs_N1_cor0.6_kappa1",0.251953659590664,"r_xz_pfs, N1_cor0.6_kappa1","two_in_one_simulation.rds"
"tableS6_two_in_one","go_N1_cor0.6_kappa1",0.05143,"go, N1_cor0.6_kappa1","two_in_one_simulation.rds"
"tableS6_two_in_one","ess_N1_cor0.6_kappa1",139.5434,"ess, N1_cor0.6_kappa1","two_in_one_simulation.rds"
"tableS6_two_in_one","success_chen_N1_cor0.6_kappa1",0.01993,"success_chen, N1_cor0.6_kappa1","two_in_one_simulation.rds"
"tableS6_two_in_one","success_g1_N1_cor0.6_kappa1",0.02059,"success_g1, N1_cor0.6_kappa1","two_in_one_simulation.rds"
"tableS6_two_in_one","t_x_N1_cor0.6_kappa1",11.9276536302961,"t_x, N1_cor0.6_kappa1","two_in_one_simulation.rds"
"tableS6_two_in_one","t_y_N1_cor0.6_kappa1",14.2063146832845,"t_y, N1_cor0.6_kappa1","two_in_one_simulation.rds"
"tableS6_two_in_one","t_z_N1_cor0.6_kappa1",37.247487721803,"t_z, N1_cor0.6_kappa1","two_in_one_simulation.rds"
"tableS6_two_in_one","nsim_N1_cor0.6_kappa1",1e+05,"nsim, N1_cor0.6_kappa1","two_in_one_simulation.rds"
"tableS6_two_in_one","cor_os_resp_N1_cor0.2_kappa0.6",0.278973068014823,"cor_os_resp, N1_cor0.2_kappa0.6","two_in_one_simulation.rds"
"tableS6_two_in_one","r_xy_N1_cor0.2_kappa0.6",0.179528106941495,"r_xy, N1_cor0.2_kappa0.6","two_in_one_simulation.rds"
"tableS6_two_in_one","r_xz_N1_cor0.2_kappa0.6",0.112343089188716,"r_xz, N1_cor0.2_kappa0.6","two_in_one_simulation.rds"
"tableS6_two_in_one","r_xy_os_N1_cor0.2_kappa0.6",0.163280578728432,"r_xy_os, N1_cor0.2_kappa0.6","two_in_one_simulation.rds"
"tableS6_two_in_one","r_xz_pfs_N1_cor0.2_kappa0.6",0.0755840689477139,"r_xz_pfs, N1_cor0.2_kappa0.6","two_in_one_simulation.rds"
"tableS6_two_in_one","go_N1_cor0.2_kappa0.6",0.05118,"go, N1_cor0.2_kappa0.6","two_in_one_simulation.rds"
"tableS6_two_in_one","ess_N1_cor0.2_kappa0.6",139.4484,"ess, N1_cor0.2_kappa0.6","two_in_one_simulation.rds"
"tableS6_two_in_one","success_chen_N1_cor0.2_kappa0.6",0.02536,"success_chen, N1_cor0.2_kappa0.6","two_in_one_simulation.rds"
"tableS6_two_in_one","success_g1_N1_cor0.2_kappa0.6",0.02322,"success_g1, N1_cor0.2_kappa0.6","two_in_one_simulation.rds"
"tableS6_two_in_one","t_x_N1_cor0.2_kappa0.6",11.9259446895561,"t_x, N1_cor0.2_kappa0.6","two_in_one_simulation.rds"
"tableS6_two_in_one","t_y_N1_cor0.2_kappa0.6",14.2112081105808,"t_y, N1_cor0.2_kappa0.6","two_in_one_simulation.rds"
"tableS6_two_in_one","t_z_N1_cor0.2_kappa0.6",37.4937019314761,"t_z, N1_cor0.2_kappa0.6","two_in_one_simulation.rds"
"tableS6_two_in_one","nsim_N1_cor0.2_kappa0.6",1e+05,"nsim, N1_cor0.2_kappa0.6","two_in_one_simulation.rds"
"tableS6_two_in_one","cor_os_resp_N1_cor0.4_kappa0.6",0.380885982213031,"cor_os_resp, N1_cor0.4_kappa0.6","two_in_one_simulation.rds"
"tableS6_two_in_one","r_xy_N1_cor0.4_kappa0.6",0.337121898582447,"r_xy, N1_cor0.4_kappa0.6","two_in_one_simulation.rds"
"tableS6_two_in_one","r_xz_N1_cor0.4_kappa0.6",0.165432751235169,"r_xz, N1_cor0.4_kappa0.6","two_in_one_simulation.rds"
"tableS6_two_in_one","r_xy_os_N1_cor0.4_kappa0.6",0.235863781175731,"r_xy_os, N1_cor0.4_kappa0.6","two_in_one_simulation.rds"
"tableS6_two_in_one","r_xz_pfs_N1_cor0.4_kappa0.6",0.163013477537691,"r_xz_pfs, N1_cor0.4_kappa0.6","two_in_one_simulation.rds"
"tableS6_two_in_one","go_N1_cor0.4_kappa0.6",0.05145,"go, N1_cor0.4_kappa0.6","two_in_one_simulation.rds"
"tableS6_two_in_one","ess_N1_cor0.4_kappa0.6",139.551,"ess, N1_cor0.4_kappa0.6","two_in_one_simulation.rds"
"tableS6_two_in_one","success_chen_N1_cor0.4_kappa0.6",0.02441,"success_chen, N1_cor0.4_kappa0.6","two_in_one_simulation.rds"
"tableS6_two_in_one","success_g1_N1_cor0.4_kappa0.6",0.0225,"success_g1, N1_cor0.4_kappa0.6","two_in_one_simulation.rds"
"tableS6_two_in_one","t_x_N1_cor0.4_kappa0.6",11.9255256367006,"t_x, N1_cor0.4_kappa0.6","two_in_one_simulation.rds"
"tableS6_two_in_one","t_y_N1_cor0.4_kappa0.6",14.213718564564,"t_y, N1_cor0.4_kappa0.6","two_in_one_simulation.rds"
"tableS6_two_in_one","t_z_N1_cor0.4_kappa0.6",37.6080957510618,"t_z, N1_cor0.4_kappa0.6","two_in_one_simulation.rds"
"tableS6_two_in_one","nsim_N1_cor0.4_kappa0.6",1e+05,"nsim, N1_cor0.4_kappa0.6","two_in_one_simulation.rds"
"tableS6_two_in_one","cor_os_resp_N1_cor0.6_kappa0.6",0.475219845788947,"cor_os_resp, N1_cor0.6_kappa0.6","two_in_one_simulation.rds"
"tableS6_two_in_one","r_xy_N1_cor0.6_kappa0.6",0.515402706031269,"r_xy, N1_cor0.6_kappa0.6","two_in_one_simulation.rds"
"tableS6_two_in_one","r_xz_N1_cor0.6_kappa0.6",0.217148620996317,"r_xz, N1_cor0.6_kappa0.6","two_in_one_simulation.rds"
"tableS6_two_in_one","r_xy_os_N1_cor0.6_kappa0.6",0.312973639201155,"r_xy_os, N1_cor0.6_kappa0.6","two_in_one_simulation.rds"
"tableS6_two_in_one","r_xz_pfs_N1_cor0.6_kappa0.6",0.256298622305386,"r_xz_pfs, N1_cor0.6_kappa0.6","two_in_one_simulation.rds"
"tableS6_two_in_one","go_N1_cor0.6_kappa0.6",0.05155,"go, N1_cor0.6_kappa0.6","two_in_one_simulation.rds"
"tableS6_two_in_one","ess_N1_cor0.6_kappa0.6",139.589,"ess, N1_cor0.6_kappa0.6","two_in_one_simulation.rds"
"tableS6_two_in_one","success_chen_N1_cor0.6_kappa0.6",0.02005,"success_chen, N1_cor0.6_kappa0.6","two_in_one_simulation.rds"
"tableS6_two_in_one","success_g1_N1_cor0.6_kappa0.6",0.01991,"success_g1, N1_cor0.6_kappa0.6","two_in_one_simulation.rds"
"tableS6_two_in_one","t_x_N1_cor0.6_kappa0.6",11.9247085882591,"t_x, N1_cor0.6_kappa0.6","two_in_one_simulation.rds"
"tableS6_two_in_one","t_y_N1_cor0.6_kappa0.6",14.2133744260237,"t_y, N1_cor0.6_kappa0.6","two_in_one_simulation.rds"
"tableS6_two_in_one","t_z_N1_cor0.6_kappa0.6",37.7462346498097,"t_z, N1_cor0.6_kappa0.6","two_in_one_simulation.rds"
"tableS6_two_in_one","nsim_N1_cor0.6_kappa0.6",1e+05,"nsim, N1_cor0.6_kappa0.6","two_in_one_simulation.rds"
"tableS6_two_in_one","cor_os_resp_N2_cor0.2_kappa1",0.121773903809492,"cor_os_resp, N2_cor0.2_kappa1","two_in_one_simulation.rds"
"tableS6_two_in_one","r_xy_N2_cor0.2_kappa1",0.190106168365921,"r_xy, N2_cor0.2_kappa1","two_in_one_simulation.rds"
"tableS6_two_in_one","r_xz_N2_cor0.2_kappa1",0.0505973331079044,"r_xz, N2_cor0.2_kappa1","two_in_one_simulation.rds"
"tableS6_two_in_one","r_xy_os_N2_cor0.2_kappa1",0.115511057251726,"r_xy_os, N2_cor0.2_kappa1","two_in_one_simulation.rds"
"tableS6_two_in_one","r_xz_pfs_N2_cor0.2_kappa1",0.0825876356552947,"r_xz_pfs, N2_cor0.2_kappa1","two_in_one_simulation.rds"
"tableS6_two_in_one","go_N2_cor0.2_kappa1",0.48983,"go, N2_cor0.2_kappa1","two_in_one_simulation.rds"
"tableS6_two_in_one","ess_N2_cor0.2_kappa1",306.1354,"ess, N2_cor0.2_kappa1","two_in_one_simulation.rds"
"tableS6_two_in_one","success_chen_N2_cor0.2_kappa1",0.02166,"success_chen, N2_cor0.2_kappa1","two_in_one_simulation.rds"
"tableS6_two_in_one","success_g1_N2_cor0.2_kappa1",0.02089,"success_g1, N2_cor0.2_kappa1","two_in_one_simulation.rds"
"tableS6_two_in_one","t_x_N2_cor0.2_kappa1",11.9239412361444,"t_x, N2_cor0.2_kappa1","two_in_one_simulation.rds"
"tableS6_two_in_one","t_y_N2_cor0.2_kappa1",14.2118046474174,"t_y, N2_cor0.2_kappa1","two_in_one_simulation.rds"
"tableS6_two_in_one","t_z_N2_cor0.2_kappa1",37.2447408917426,"t_z, N2_cor0.2_kappa1","two_in_one_simulation.rds"
"tableS6_two_in_one","nsim_N2_cor0.2_kappa1",1e+05,"nsim, N2_cor0.2_kappa1","two_in_one_simulation.rds"
"tableS6_two_in_one","cor_os_resp_N2_cor0.4_kappa1",0.243547807625833,"cor_os_resp, N2_cor0.4_kappa1","two_in_one_simulation.rds"
"tableS6_two_in_one","r_xy_N2_cor0.4_kappa1",0.347297815641241,"r_xy, N2_cor0.4_kappa1","two_in_one_simulation.rds"
"tableS6_two_in_one","r_xz_N2_cor0.4_kappa1",0.105532478588158,"r_xz, N2_cor0.4_kappa1","two_in_one_simulation.rds"
"tableS6_two_in_one","r_xy_os_N2_cor0.4_kappa1",0.200777850853178,"r_xy_os, N2_cor0.4_kappa1","two_in_one_simulation.rds"
"tableS6_two_in_one","r_xz_pfs_N2_cor0.4_kappa1",0.167562597779514,"r_xz_pfs, N2_cor0.4_kappa1","two_in_one_simulation.rds"
"tableS6_two_in_one","go_N2_cor0.4_kappa1",0.49339,"go, N2_cor0.4_kappa1","two_in_one_simulation.rds"
"tableS6_two_in_one","ess_N2_cor0.4_kappa1",307.4882,"ess, N2_cor0.4_kappa1","two_in_one_simulation.rds"
"tableS6_two_in_one","success_chen_N2_cor0.4_kappa1",0.01998,"success_chen, N2_cor0.4_kappa1","two_in_one_simulation.rds"
"tableS6_two_in_one","success_g1_N2_cor0.4_kappa1",0.02028,"success_g1, N2_cor0.4_kappa1","two_in_one_simulation.rds"
"tableS6_two_in_one","t_x_N2_cor0.4_kappa1",11.9257300735851,"t_x, N2_cor0.4_kappa1","two_in_one_simulation.rds"
"tableS6_two_in_one","t_y_N2_cor0.4_kappa1",14.2071879129973,"t_y, N2_cor0.4_kappa1","two_in_one_simulation.rds"
"tableS6_two_in_one","t_z_N2_cor0.4_kappa1",37.2499406064174,"t_z, N2_cor0.4_kappa1","two_in_one_simulation.rds"
"tableS6_two_in_one","nsim_N2_cor0.4_kappa1",1e+05,"nsim, N2_cor0.4_kappa1","two_in_one_simulation.rds"
"tableS6_two_in_one","cor_os_resp_N2_cor0.6_kappa1",0.365321711426655,"cor_os_resp, N2_cor0.6_kappa1","two_in_one_simulation.rds"
"tableS6_two_in_one","r_xy_N2_cor0.6_kappa1",0.548447665573235,"r_xy, N2_cor0.6_kappa1","two_in_one_simulation.rds"
"tableS6_two_in_one","r_xz_N2_cor0.6_kappa1",0.16503630328273,"r_xz, N2_cor0.6_kappa1","two_in_one_simulation.rds"
"tableS6_two_in_one","r_xy_os_N2_cor0.6_kappa1",0.308670974831341,"r_xy_os, N2_cor0.6_kappa1","two_in_one_simulation.rds"
"tableS6_two_in_one","r_xz_pfs_N2_cor0.6_kappa1",0.254824384490355,"r_xz_pfs, N2_cor0.6_kappa1","two_in_one_simulation.rds"
"tableS6_two_in_one","go_N2_cor0.6_kappa1",0.48583,"go, N2_cor0.6_kappa1","two_in_one_simulation.rds"
"tableS6_two_in_one","ess_N2_cor0.6_kappa1",304.6154,"ess, N2_cor0.6_kappa1","two_in_one_simulation.rds"
"tableS6_two_in_one","success_chen_N2_cor0.6_kappa1",0.01786,"success_chen, N2_cor0.6_kappa1","two_in_one_simulation.rds"
"tableS6_two_in_one","success_g1_N2_cor0.6_kappa1",0.01928,"success_g1, N2_cor0.6_kappa1","two_in_one_simulation.rds"
"tableS6_two_in_one","t_x_N2_cor0.6_kappa1",11.9240988573624,"t_x, N2_cor0.6_kappa1","two_in_one_simulation.rds"
"tableS6_two_in_one","t_y_N2_cor0.6_kappa1",14.2088468064821,"t_y, N2_cor0.6_kappa1","two_in_one_simulation.rds"
"tableS6_two_in_one","t_z_N2_cor0.6_kappa1",37.2509956891724,"t_z, N2_cor0.6_kappa1","two_in_one_simulation.rds"
"tableS6_two_in_one","nsim_N2_cor0.6_kappa1",1e+05,"nsim, N2_cor0.6_kappa1","two_in_one_simulation.rds"
"tableS6_two_in_one","cor_os_resp_A_cor0.2_kappa1",0.121773903809492,"cor_os_resp, A_cor0.2_kappa1","two_in_one_simulation.rds"
"tableS6_two_in_one","r_xy_A_cor0.2_kappa1",0.174139959642425,"r_xy, A_cor0.2_kappa1","two_in_one_simulation.rds"
"tableS6_two_in_one","r_xz_A_cor0.2_kappa1",0.0525225458749938,"r_xz, A_cor0.2_kappa1","two_in_one_simulation.rds"
"tableS6_two_in_one","r_xy_os_A_cor0.2_kappa1",0.124380248185737,"r_xy_os, A_cor0.2_kappa1","two_in_one_simulation.rds"
"tableS6_two_in_one","r_xz_pfs_A_cor0.2_kappa1",0.0708740647154112,"r_xz_pfs, A_cor0.2_kappa1","two_in_one_simulation.rds"
"tableS6_two_in_one","go_A_cor0.2_kappa1",0.4724,"go, A_cor0.2_kappa1","two_in_one_simulation.rds"
"tableS6_two_in_one","ess_A_cor0.2_kappa1",299.512,"ess, A_cor0.2_kappa1","two_in_one_simulation.rds"
"tableS6_two_in_one","success_chen_A_cor0.2_kappa1",0.811,"success_chen, A_cor0.2_kappa1","two_in_one_simulation.rds"
"tableS6_two_in_one","success_g1_A_cor0.2_kappa1",0.7727,"success_g1, A_cor0.2_kappa1","two_in_one_simulation.rds"
"tableS6_two_in_one","t_x_A_cor0.2_kappa1",11.91779482705,"t_x, A_cor0.2_kappa1","two_in_one_simulation.rds"
"tableS6_two_in_one","t_y_A_cor0.2_kappa1",16.6266188175775,"t_y, A_cor0.2_kappa1","two_in_one_simulation.rds"
"tableS6_two_in_one","t_z_A_cor0.2_kappa1",40.8806838888854,"t_z, A_cor0.2_kappa1","two_in_one_simulation.rds"
"tableS6_two_in_one","nsim_A_cor0.2_kappa1",10000,"nsim, A_cor0.2_kappa1","two_in_one_simulation.rds"
"tableS6_two_in_one","cor_os_resp_A_cor0.4_kappa1",0.243547807625833,"cor_os_resp, A_cor0.4_kappa1","two_in_one_simulation.rds"
"tableS6_two_in_one","r_xy_A_cor0.4_kappa1",0.33762017505465,"r_xy, A_cor0.4_kappa1","two_in_one_simulation.rds"
"tableS6_two_in_one","r_xz_A_cor0.4_kappa1",0.129006160156938,"r_xz, A_cor0.4_kappa1","two_in_one_simulation.rds"
"tableS6_two_in_one","r_xy_os_A_cor0.4_kappa1",0.223650304465261,"r_xy_os, A_cor0.4_kappa1","two_in_one_simulation.rds"
"tableS6_two_in_one","r_xz_pfs_A_cor0.4_kappa1",0.165382556694017,"r_xz_pfs, A_cor0.4_kappa1","two_in_one_simulation.rds"
"tableS6_two_in_one","go_A_cor0.4_kappa1",0.4698,"go, A_cor0.4_kappa1","two_in_one_simulation.rds"
"tableS6_two_in_one","ess_A_cor0.4_kappa1",298.524,"ess, A_cor0.4_kappa1","two_in_one_simulation.rds"
"tableS6_two_in_one","success_chen_A_cor0.4_kappa1",0.7863,"success_chen, A_cor0.4_kappa1","two_in_one_simulation.rds"
"tableS6_two_in_one","success_g1_A_cor0.4_kappa1",0.7435,"success_g1, A_cor0.4_kappa1","two_in_one_simulation.rds"
"tableS6_two_in_one","t_x_A_cor0.4_kappa1",11.9214588726829,"t_x, A_cor0.4_kappa1","two_in_one_simulation.rds"
"tableS6_two_in_one","t_y_A_cor0.4_kappa1",16.5974369738347,"t_y, A_cor0.4_kappa1","two_in_one_simulation.rds"
"tableS6_two_in_one","t_z_A_cor0.4_kappa1",40.8621783019372,"t_z, A_cor0.4_kappa1","two_in_one_simulation.rds"
"tableS6_two_in_one","nsim_A_cor0.4_kappa1",10000,"nsim, A_cor0.4_kappa1","two_in_one_simulation.rds"
"tableS6_two_in_one","cor_os_resp_A_cor0.6_kappa1",0.365321711426655,"cor_os_resp, A_cor0.6_kappa1","two_in_one_simulation.rds"
"tableS6_two_in_one","r_xy_A_cor0.6_kappa1",0.54274447117673,"r_xy, A_cor0.6_kappa1","two_in_one_simulation.rds"
"tableS6_two_in_one","r_xz_A_cor0.6_kappa1",0.205577476106327,"r_xz, A_cor0.6_kappa1","two_in_one_simulation.rds"
"tableS6_two_in_one","r_xy_os_A_cor0.6_kappa1",0.34317746525961,"r_xy_os, A_cor0.6_kappa1","two_in_one_simulation.rds"
"tableS6_two_in_one","r_xz_pfs_A_cor0.6_kappa1",0.264706668740498,"r_xz_pfs, A_cor0.6_kappa1","two_in_one_simulation.rds"
"tableS6_two_in_one","go_A_cor0.6_kappa1",0.4741,"go, A_cor0.6_kappa1","two_in_one_simulation.rds"
"tableS6_two_in_one","ess_A_cor0.6_kappa1",300.158,"ess, A_cor0.6_kappa1","two_in_one_simulation.rds"
"tableS6_two_in_one","success_chen_A_cor0.6_kappa1",0.765,"success_chen, A_cor0.6_kappa1","two_in_one_simulation.rds"
"tableS6_two_in_one","success_g1_A_cor0.6_kappa1",0.7205,"success_g1, A_cor0.6_kappa1","two_in_one_simulation.rds"
"tableS6_two_in_one","t_x_A_cor0.6_kappa1",11.9283660548873,"t_x, A_cor0.6_kappa1","two_in_one_simulation.rds"
"tableS6_two_in_one","t_y_A_cor0.6_kappa1",16.6275085633683,"t_y, A_cor0.6_kappa1","two_in_one_simulation.rds"
"tableS6_two_in_one","t_z_A_cor0.6_kappa1",40.8705315097565,"t_z, A_cor0.6_kappa1","two_in_one_simulation.rds"
"tableS6_two_in_one","nsim_A_cor0.6_kappa1",10000,"nsim, A_cor0.6_kappa1","two_in_one_simulation.rds"
"tableS6_two_in_one","cor_os_resp_A_cor0.2_kappa0.6",0.278973068014823,"cor_os_resp, A_cor0.2_kappa0.6","two_in_one_simulation.rds"
"tableS6_two_in_one","r_xy_A_cor0.2_kappa0.6",0.194490374245408,"r_xy, A_cor0.2_kappa0.6","two_in_one_simulation.rds"
"tableS6_two_in_one","r_xz_A_cor0.2_kappa0.6",0.129643268914158,"r_xz, A_cor0.2_kappa0.6","two_in_one_simulation.rds"
"tableS6_two_in_one","r_xy_os_A_cor0.2_kappa0.6",0.192483408139384,"r_xy_os, A_cor0.2_kappa0.6","two_in_one_simulation.rds"
"tableS6_two_in_one","r_xz_pfs_A_cor0.2_kappa0.6",0.0934238840441919,"r_xz_pfs, A_cor0.2_kappa0.6","two_in_one_simulation.rds"
"tableS6_two_in_one","go_A_cor0.2_kappa0.6",0.4796,"go, A_cor0.2_kappa0.6","two_in_one_simulation.rds"
"tableS6_two_in_one","ess_A_cor0.2_kappa0.6",302.248,"ess, A_cor0.2_kappa0.6","two_in_one_simulation.rds"
"tableS6_two_in_one","success_chen_A_cor0.2_kappa0.6",0.8123,"success_chen, A_cor0.2_kappa0.6","two_in_one_simulation.rds"
"tableS6_two_in_one","success_g1_A_cor0.2_kappa0.6",0.7743,"success_g1, A_cor0.2_kappa0.6","two_in_one_simulation.rds"
"tableS6_two_in_one","t_x_A_cor0.2_kappa0.6",11.9208268672796,"t_x, A_cor0.2_kappa0.6","two_in_one_simulation.rds"
"tableS6_two_in_one","t_y_A_cor0.2_kappa0.6",16.6366329677733,"t_y, A_cor0.2_kappa0.6","two_in_one_simulation.rds"
"tableS6_two_in_one","t_z_A_cor0.2_kappa0.6",41.6541378656562,"t_z, A_cor0.2_kappa0.6","two_in_one_simulation.rds"
"tableS6_two_in_one","nsim_A_cor0.2_kappa0.6",10000,"nsim, A_cor0.2_kappa0.6","two_in_one_simulation.rds"
"tableS6_two_in_one","cor_os_resp_A_cor0.4_kappa0.6",0.380885982213031,"cor_os_resp, A_cor0.4_kappa0.6","two_in_one_simulation.rds"
"tableS6_two_in_one","r_xy_A_cor0.4_kappa0.6",0.332962693875406,"r_xy, A_cor0.4_kappa0.6","two_in_one_simulation.rds"
"tableS6_two_in_one","r_xz_A_cor0.4_kappa0.6",0.167164447266895,"r_xz, A_cor0.4_kappa0.6","two_in_one_simulation.rds"
"tableS6_two_in_one","r_xy_os_A_cor0.4_kappa0.6",0.249169074589986,"r_xy_os, A_cor0.4_kappa0.6","two_in_one_simulation.rds"
"tableS6_two_in_one","r_xz_pfs_A_cor0.4_kappa0.6",0.162843345647871,"r_xz_pfs, A_cor0.4_kappa0.6","two_in_one_simulation.rds"
"tableS6_two_in_one","go_A_cor0.4_kappa0.6",0.4781,"go, A_cor0.4_kappa0.6","two_in_one_simulation.rds"
"tableS6_two_in_one","ess_A_cor0.4_kappa0.6",301.678,"ess, A_cor0.4_kappa0.6","two_in_one_simulation.rds"
"tableS6_two_in_one","success_chen_A_cor0.4_kappa0.6",0.793,"success_chen, A_cor0.4_kappa0.6","two_in_one_simulation.rds"
"tableS6_two_in_one","success_g1_A_cor0.4_kappa0.6",0.7544,"success_g1, A_cor0.4_kappa0.6","two_in_one_simulation.rds"
"tableS6_two_in_one","t_x_A_cor0.4_kappa0.6",11.9326445141902,"t_x, A_cor0.4_kappa0.6","two_in_one_simulation.rds"
"tableS6_two_in_one","t_y_A_cor0.4_kappa0.6",16.6495583600982,"t_y, A_cor0.4_kappa0.6","two_in_one_simulation.rds"
"tableS6_two_in_one","t_z_A_cor0.4_kappa0.6",41.7680761664106,"t_z, A_cor0.4_kappa0.6","two_in_one_simulation.rds"
"tableS6_two_in_one","nsim_A_cor0.4_kappa0.6",10000,"nsim, A_cor0.4_kappa0.6","two_in_one_simulation.rds"
"tableS6_two_in_one","cor_os_resp_A_cor0.6_kappa0.6",0.475219845788947,"cor_os_resp, A_cor0.6_kappa0.6","two_in_one_simulation.rds"
"tableS6_two_in_one","r_xy_A_cor0.6_kappa0.6",0.555950487004,"r_xy, A_cor0.6_kappa0.6","two_in_one_simulation.rds"
"tableS6_two_in_one","r_xz_A_cor0.6_kappa0.6",0.248889113244026,"r_xz, A_cor0.6_kappa0.6","two_in_one_simulation.rds"
"tableS6_two_in_one","r_xy_os_A_cor0.6_kappa0.6",0.377153155039169,"r_xy_os, A_cor0.6_kappa0.6","two_in_one_simulation.rds"
"tableS6_two_in_one","r_xz_pfs_A_cor0.6_kappa0.6",0.265871926155564,"r_xz_pfs, A_cor0.6_kappa0.6","two_in_one_simulation.rds"
"tableS6_two_in_one","go_A_cor0.6_kappa0.6",0.4722,"go, A_cor0.6_kappa0.6","two_in_one_simulation.rds"
"tableS6_two_in_one","ess_A_cor0.6_kappa0.6",299.436,"ess, A_cor0.6_kappa0.6","two_in_one_simulation.rds"
"tableS6_two_in_one","success_chen_A_cor0.6_kappa0.6",0.7545,"success_chen, A_cor0.6_kappa0.6","two_in_one_simulation.rds"
"tableS6_two_in_one","success_g1_A_cor0.6_kappa0.6",0.7067,"success_g1, A_cor0.6_kappa0.6","two_in_one_simulation.rds"
"tableS6_two_in_one","t_x_A_cor0.6_kappa0.6",11.9314752139524,"t_x, A_cor0.6_kappa0.6","two_in_one_simulation.rds"
"tableS6_two_in_one","t_y_A_cor0.6_kappa0.6",16.6124847316271,"t_y, A_cor0.6_kappa0.6","two_in_one_simulation.rds"
"tableS6_two_in_one","t_z_A_cor0.6_kappa0.6",41.8904315540155,"t_z, A_cor0.6_kappa0.6","two_in_one_simulation.rds"
"tableS6_two_in_one","nsim_A_cor0.6_kappa0.6",10000,"nsim, A_cor0.6_kappa0.6","two_in_one_simulation.rds"
"tableS7_win_statistics","rej_wr_null_cor0_kappa1",0.0225,"rej_wr, null_cor0_kappa1","win_statistics_simulation.rds"
"tableS7_win_statistics","rej_wo_null_cor0_kappa1",0.0225,"rej_wo, null_cor0_kappa1","win_statistics_simulation.rds"
"tableS7_win_statistics","rej_logrank_os_null_cor0_kappa1",0.025,"rej_logrank_os, null_cor0_kappa1","win_statistics_simulation.rds"
"tableS7_win_statistics","rej_logrank_pfs_null_cor0_kappa1",0.0253,"rej_logrank_pfs, null_cor0_kappa1","win_statistics_simulation.rds"
"tableS7_win_statistics","rej_orr_null_cor0_kappa1",0.0262,"rej_orr, null_cor0_kappa1","win_statistics_simulation.rds"
"tableS7_win_statistics","p_win_null_cor0_kappa1",0.471505171428571,"p_win, null_cor0_kappa1","win_statistics_simulation.rds"
"tableS7_win_statistics","p_loss_null_cor0_kappa1",0.470804874285714,"p_loss, null_cor0_kappa1","win_statistics_simulation.rds"
"tableS7_win_statistics","p_tie_null_cor0_kappa1",0.0576899542857143,"p_tie, null_cor0_kappa1","win_statistics_simulation.rds"
"tableS7_win_statistics","win_os_null_cor0_kappa1",0.310177566530612,"win_os, null_cor0_kappa1","win_statistics_simulation.rds"
"tableS7_win_statistics","loss_os_null_cor0_kappa1",0.309465622857143,"loss_os, null_cor0_kappa1","win_statistics_simulation.rds"
"tableS7_win_statistics","win_pfs_null_cor0_kappa1",0.14080443755102,"win_pfs, null_cor0_kappa1","win_statistics_simulation.rds"
"tableS7_win_statistics","loss_pfs_null_cor0_kappa1",0.140776403265306,"loss_pfs, null_cor0_kappa1","win_statistics_simulation.rds"
"tableS7_win_statistics","win_resp_null_cor0_kappa1",0.0205231673469388,"win_resp, null_cor0_kappa1","win_statistics_simulation.rds"
"tableS7_win_statistics","loss_resp_null_cor0_kappa1",0.0205628481632653,"loss_resp, null_cor0_kappa1","win_statistics_simulation.rds"
"tableS7_win_statistics","mwin_os_null_cor0_kappa1",0.310177566530612,"mwin_os, null_cor0_kappa1","win_statistics_simulation.rds"
"tableS7_win_statistics","mloss_os_null_cor0_kappa1",0.309465622857143,"mloss_os, null_cor0_kappa1","win_statistics_simulation.rds"
"tableS7_win_statistics","mwin_pfs_null_cor0_kappa1",0.450962053061224,"mwin_pfs, null_cor0_kappa1","win_statistics_simulation.rds"
"tableS7_win_statistics","mloss_pfs_null_cor0_kappa1",0.450261977142857,"mloss_pfs, null_cor0_kappa1","win_statistics_simulation.rds"
"tableS7_win_statistics","mwin_resp_null_cor0_kappa1",0.209507457142857,"mwin_resp, null_cor0_kappa1","win_statistics_simulation.rds"
"tableS7_win_statistics","mloss_resp_null_cor0_kappa1",0.209678314285714,"mloss_resp, null_cor0_kappa1","win_statistics_simulation.rds"
"tableS7_win_statistics","wr_mean_prob_null_cor0_kappa1",1.00148744667081,"wr_mean_prob, null_cor0_kappa1","win_statistics_simulation.rds"
"tableS7_win_statistics","wo_mean_prob_null_cor0_kappa1",1.00140157580525,"wo_mean_prob, null_cor0_kappa1","win_statistics_simulation.rds"
"tableS7_win_statistics","power_wr_formula_null_cor0_kappa1",0.0259542748711996,"power_wr_formula, null_cor0_kappa1","win_statistics_simulation.rds"
"tableS7_win_statistics","power_wo_formula_null_cor0_kappa1",0.025954274851204,"power_wo_formula, null_cor0_kappa1","win_statistics_simulation.rds"
"tableS7_win_statistics","p_win_indep_null_cor0_kappa1",0.489575273545118,"p_win_indep, null_cor0_kappa1","win_statistics_simulation.rds"
"tableS7_win_statistics","p_loss_indep_null_cor0_kappa1",0.488603470350288,"p_loss_indep, null_cor0_kappa1","win_statistics_simulation.rds"
"tableS7_win_statistics","p_tie_indep_null_cor0_kappa1",0.0218212561045935,"p_tie_indep, null_cor0_kappa1","win_statistics_simulation.rds"
"tableS7_win_statistics","power_wr_indep_null_cor0_kappa1",0.0263304134842772,"power_wr_indep, null_cor0_kappa1","win_statistics_simulation.rds"
"tableS7_win_statistics","power_wo_indep_null_cor0_kappa1",0.0263304134649706,"power_wo_indep, null_cor0_kappa1","win_statistics_simulation.rds"
"tableS7_win_statistics","nsim_null_cor0_kappa1",10000,"nsim, null_cor0_kappa1","win_statistics_simulation.rds"
"tableS7_win_statistics","mean_cutoff_null_cor0_kappa1",28.7678314923499,"mean_cutoff, null_cor0_kappa1","win_statistics_simulation.rds"
"tableS7_win_statistics","rej_wr_null_cor0.2_kappa1",0.0253,"rej_wr, null_cor0.2_kappa1","win_statistics_simulation.rds"
"tableS7_win_statistics","rej_wo_null_cor0.2_kappa1",0.0253,"rej_wo, null_cor0.2_kappa1","win_statistics_simulation.rds"
"tableS7_win_statistics","rej_logrank_os_null_cor0.2_kappa1",0.0256,"rej_logrank_os, null_cor0.2_kappa1","win_statistics_simulation.rds"
"tableS7_win_statistics","rej_logrank_pfs_null_cor0.2_kappa1",0.0279,"rej_logrank_pfs, null_cor0.2_kappa1","win_statistics_simulation.rds"
"tableS7_win_statistics","rej_orr_null_cor0.2_kappa1",0.0245,"rej_orr, null_cor0.2_kappa1","win_statistics_simulation.rds"
"tableS7_win_statistics","p_win_null_cor0.2_kappa1",0.474571535510204,"p_win, null_cor0.2_kappa1","win_statistics_simulation.rds"
"tableS7_win_statistics","p_loss_null_cor0.2_kappa1",0.473620537959184,"p_loss, null_cor0.2_kappa1","win_statistics_simulation.rds"
"tableS7_win_statistics","p_tie_null_cor0.2_kappa1",0.0518079265306122,"p_tie, null_cor0.2_kappa1","win_statistics_simulation.rds"
"tableS7_win_statistics","win_os_null_cor0.2_kappa1",0.31029466122449,"win_os, null_cor0.2_kappa1","win_statistics_simulation.rds"
"tableS7_win_statistics","loss_os_null_cor0.2_kappa1",0.309431191836735,"loss_os, null_cor0.2_kappa1","win_statistics_simulation.rds"
"tableS7_win_statistics","win_pfs_null_cor0.2_kappa1",0.140810182857143,"win_pfs, null_cor0.2_kappa1","win_statistics_simulation.rds"
"tableS7_win_statistics","loss_pfs_null_cor0.2_kappa1",0.140614422040816,"loss_pfs, null_cor0.2_kappa1","win_statistics_simulation.rds"
"tableS7_win_statistics","win_resp_null_cor0.2_kappa1",0.0234666914285714,"win_resp, null_cor0.2_kappa1","win_statistics_simulation.rds"
"tableS7_win_statistics","loss_resp_null_cor0.2_kappa1",0.0235749240816327,"loss_resp, null_cor0.2_kappa1","win_statistics_simulation.rds"
"tableS7_win_statistics","mwin_os_null_cor0.2_kappa1",0.31029466122449,"mwin_os, null_cor0.2_kappa1","win_statistics_simulation.rds"
"tableS7_win_statistics","mloss_os_null_cor0.2_kappa1",0.309431191836735,"mloss_os, null_cor0.2_kappa1","win_statistics_simulation.rds"
"tableS7_win_statistics","mwin_pfs_null_cor0.2_kappa1",0.451055186122449,"mwin_pfs, null_cor0.2_kappa1","win_statistics_simulation.rds"
"tableS7_win_statistics","mloss_pfs_null_cor0.2_kappa1",0.450095271836735,"mloss_pfs, null_cor0.2_kappa1","win_statistics_simulation.rds"
"tableS7_win_statistics","mwin_resp_null_cor0.2_kappa1",0.209410137142857,"mwin_resp, null_cor0.2_kappa1","win_statistics_simulation.rds"
"tableS7_win_statistics","mloss_resp_null_cor0.2_kappa1",0.209623851428571,"mloss_resp, null_cor0.2_kappa1","win_statistics_simulation.rds"
"tableS7_win_statistics","wr_mean_prob_null_cor0.2_kappa1",1.00200793140246,"wr_mean_prob, null_cor0.2_kappa1","win_statistics_simulation.rds"
"tableS7_win_statistics","wo_mean_prob_null_cor0.2_kappa1",1.00190380561652,"wo_mean_prob, null_cor0.2_kappa1","win_statistics_simulation.rds"
"tableS7_win_statistics","power_wr_formula_null_cor0.2_kappa1",0.026302792702373,"power_wr_formula, null_cor0.2_kappa1","win_statistics_simulation.rds"
"tableS7_win_statistics","power_wo_formula_null_cor0.2_kappa1",0.0263027926573397,"power_wo_formula, null_cor0.2_kappa1","win_statistics_simulation.rds"
"tableS7_win_statistics","p_win_indep_null_cor0.2_kappa1",0.489690998756513,"p_win_indep, null_cor0.2_kappa1","win_statistics_simulation.rds"
"tableS7_win_statistics","p_loss_indep_null_cor0.2_kappa1",0.488470532286654,"p_loss_indep, null_cor0.2_kappa1","win_statistics_simulation.rds"
"tableS7_win_statistics","p_tie_indep_null_cor0.2_kappa1",0.0218384689568335,"p_tie_indep, null_cor0.2_kappa1","win_statistics_simulation.rds"
"tableS7_win_statistics","power_wr_indep_null_cor0.2_kappa1",0.0266801911484115,"power_wr_indep, null_cor0.2_kappa1","win_statistics_simulation.rds"
"tableS7_win_statistics","power_wo_indep_null_cor0.2_kappa1",0.0266801911097132,"power_wo_indep, null_cor0.2_kappa1","win_statistics_simulation.rds"
"tableS7_win_statistics","nsim_null_cor0.2_kappa1",10000,"nsim, null_cor0.2_kappa1","win_statistics_simulation.rds"
"tableS7_win_statistics","mean_cutoff_null_cor0.2_kappa1",28.7738823792695,"mean_cutoff, null_cor0.2_kappa1","win_statistics_simulation.rds"
"tableS7_win_statistics","rej_wr_null_cor0.4_kappa1",0.026,"rej_wr, null_cor0.4_kappa1","win_statistics_simulation.rds"
"tableS7_win_statistics","rej_wo_null_cor0.4_kappa1",0.026,"rej_wo, null_cor0.4_kappa1","win_statistics_simulation.rds"
"tableS7_win_statistics","rej_logrank_os_null_cor0.4_kappa1",0.0265,"rej_logrank_os, null_cor0.4_kappa1","win_statistics_simulation.rds"
"tableS7_win_statistics","rej_logrank_pfs_null_cor0.4_kappa1",0.0231,"rej_logrank_pfs, null_cor0.4_kappa1","win_statistics_simulation.rds"
"tableS7_win_statistics","rej_orr_null_cor0.4_kappa1",0.0265,"rej_orr, null_cor0.4_kappa1","win_statistics_simulation.rds"
"tableS7_win_statistics","p_win_null_cor0.4_kappa1",0.474980342857143,"p_win, null_cor0.4_kappa1","win_statistics_simulation.rds"
"tableS7_win_statistics","p_loss_null_cor0.4_kappa1",0.474871895510204,"p_loss, null_cor0.4_kappa1","win_statistics_simulation.rds"
"tableS7_win_statistics","p_tie_null_cor0.4_kappa1",0.0501477616326531,"p_tie, null_cor0.4_kappa1","win_statistics_simulation.rds"
"tableS7_win_statistics","win_os_null_cor0.4_kappa1",0.309934976326531,"win_os, null_cor0.4_kappa1","win_statistics_simulation.rds"
"tableS7_win_statistics","loss_os_null_cor0.4_kappa1",0.309769737142857,"loss_os, null_cor0.4_kappa1","win_statistics_simulation.rds"
"tableS7_win_statistics","win_pfs_null_cor0.4_kappa1",0.140727735510204,"win_pfs, null_cor0.4_kappa1","win_statistics_simulation.rds"
"tableS7_win_statistics","loss_pfs_null_cor0.4_kappa1",0.140798156734694,"loss_pfs, null_cor0.4_kappa1","win_statistics_simulation.rds"
"tableS7_win_statistics","win_resp_null_cor0.4_kappa1",0.0243176310204082,"win_resp, null_cor0.4_kappa1","win_statistics_simulation.rds"
"tableS7_win_statistics","loss_resp_null_cor0.4_kappa1",0.0243040016326531,"loss_resp, null_cor0.4_kappa1","win_statistics_simulation.rds"
"tableS7_win_statistics","mwin_os_null_cor0.4_kappa1",0.309934976326531,"mwin_os, null_cor0.4_kappa1","win_statistics_simulation.rds"
"tableS7_win_statistics","mloss_os_null_cor0.4_kappa1",0.309769737142857,"mloss_os, null_cor0.4_kappa1","win_statistics_simulation.rds"
"tableS7_win_statistics","mwin_pfs_null_cor0.4_kappa1",0.450678266938775,"mwin_pfs, null_cor0.4_kappa1","win_statistics_simulation.rds"
"tableS7_win_statistics","mloss_pfs_null_cor0.4_kappa1",0.45055233877551,"mloss_pfs, null_cor0.4_kappa1","win_statistics_simulation.rds"
"tableS7_win_statistics","mwin_resp_null_cor0.4_kappa1",0.209290795102041,"mwin_resp, null_cor0.4_kappa1","win_statistics_simulation.rds"
"tableS7_win_statistics","mloss_resp_null_cor0.4_kappa1",0.209480795102041,"mloss_resp, null_cor0.4_kappa1","win_statistics_simulation.rds"
"tableS7_win_statistics","wr_mean_prob_null_cor0.4_kappa1",1.00022837179451,"wr_mean_prob, null_cor0.4_kappa1","win_statistics_simulation.rds"
"tableS7_win_statistics","wo_mean_prob_null_cor0.4_kappa1",1.00021691821808,"wo_mean_prob, null_cor0.4_kappa1","win_statistics_simulation.rds"
"tableS7_win_statistics","power_wr_formula_null_cor0.4_kappa1",0.0251457646118706,"power_wr_formula, null_cor0.4_kappa1","win_statistics_simulation.rds"
"tableS7_win_statistics","power_wo_formula_null_cor0.4_kappa1",0.0251457646118086,"power_wo_formula, null_cor0.4_kappa1","win_statistics_simulation.rds"
"tableS7_win_statistics","p_win_indep_null_cor0.4_kappa1",0.489187080531535,"p_win_indep, null_cor0.4_kappa1","win_statistics_simulation.rds"
"tableS7_win_statistics","p_loss_indep_null_cor0.4_kappa1",0.4889810881526,"p_loss_indep, null_cor0.4_kappa1","win_statistics_simulation.rds"
"tableS7_win_statistics","p_tie_indep_null_cor0.4_kappa1",0.0218318313158646,"p_tie_indep, null_cor0.4_kappa1","win_statistics_simulation.rds"
"tableS7_win_statistics","power_wr_indep_null_cor0.4_kappa1",0.0252771988418113,"power_wr_indep, null_cor0.4_kappa1","win_statistics_simulation.rds"
"tableS7_win_statistics","power_wo_indep_null_cor0.4_kappa1",0.0252771988416333,"power_wo_indep, null_cor0.4_kappa1","win_statistics_simulation.rds"
"tableS7_win_statistics","nsim_null_cor0.4_kappa1",10000,"nsim, null_cor0.4_kappa1","win_statistics_simulation.rds"
"tableS7_win_statistics","mean_cutoff_null_cor0.4_kappa1",28.7790813229951,"mean_cutoff, null_cor0.4_kappa1","win_statistics_simulation.rds"
"tableS7_win_statistics","rej_wr_null_cor0.6_kappa1",0.0255,"rej_wr, null_cor0.6_kappa1","win_statistics_simulation.rds"
"tableS7_win_statistics","rej_wo_null_cor0.6_kappa1",0.0255,"rej_wo, null_cor0.6_kappa1","win_statistics_simulation.rds"
"tableS7_win_statistics","rej_logrank_os_null_cor0.6_kappa1",0.0288,"rej_logrank_os, null_cor0.6_kappa1","win_statistics_simulation.rds"
"tableS7_win_statistics","rej_logrank_pfs_null_cor0.6_kappa1",0.0236,"rej_logrank_pfs, null_cor0.6_kappa1","win_statistics_simulation.rds"
"tableS7_win_statistics","rej_orr_null_cor0.6_kappa1",0.0257,"rej_orr, null_cor0.6_kappa1","win_statistics_simulation.rds"
"tableS7_win_statistics","p_win_null_cor0.6_kappa1",0.473267112653061,"p_win, null_cor0.6_kappa1","win_statistics_simulation.rds"
"tableS7_win_statistics","p_loss_null_cor0.6_kappa1",0.473275534693878,"p_loss, null_cor0.6_kappa1","win_statistics_simulation.rds"
"tableS7_win_statistics","p_tie_null_cor0.6_kappa1",0.0534573526530612,"p_tie, null_cor0.6_kappa1","win_statistics_simulation.rds"
"tableS7_win_statistics","win_os_null_cor0.6_kappa1",0.309826873469388,"win_os, null_cor0.6_kappa1","win_statistics_simulation.rds"
"tableS7_win_statistics","loss_os_null_cor0.6_kappa1",0.309830026122449,"loss_os, null_cor0.6_kappa1","win_statistics_simulation.rds"
"tableS7_win_statistics","win_pfs_null_cor0.6_kappa1",0.140666823673469,"win_pfs, null_cor0.6_kappa1","win_statistics_simulation.rds"
"tableS7_win_statistics","loss_pfs_null_cor0.6_kappa1",0.140736838367347,"loss_pfs, null_cor0.6_kappa1","win_statistics_simulation.rds"
"tableS7_win_statistics","win_resp_null_cor0.6_kappa1",0.0227734155102041,"win_resp, null_cor0.6_kappa1","win_statistics_simulation.rds"
"tableS7_win_statistics","loss_resp_null_cor0.6_kappa1",0.0227086702040816,"loss_resp, null_cor0.6_kappa1","win_statistics_simulation.rds"
"tableS7_win_statistics","mwin_os_null_cor0.6_kappa1",0.309826873469388,"mwin_os, null_cor0.6_kappa1","win_statistics_simulation.rds"
"tableS7_win_statistics","mloss_os_null_cor0.6_kappa1",0.309830026122449,"mloss_os, null_cor0.6_kappa1","win_statistics_simulation.rds"
"tableS7_win_statistics","mwin_pfs_null_cor0.6_kappa1",0.450496721632653,"mwin_pfs, null_cor0.6_kappa1","win_statistics_simulation.rds"
"tableS7_win_statistics","mloss_pfs_null_cor0.6_kappa1",0.45056384,"mloss_pfs, null_cor0.6_kappa1","win_statistics_simulation.rds"
"tableS7_win_statistics","mwin_resp_null_cor0.6_kappa1",0.209300648979592,"mwin_resp, null_cor0.6_kappa1","win_statistics_simulation.rds"
"tableS7_win_statistics","mloss_resp_null_cor0.6_kappa1",0.20908007755102,"mloss_resp, null_cor0.6_kappa1","win_statistics_simulation.rds"
"tableS7_win_statistics","wr_mean_prob_null_cor0.6_kappa1",0.999982204783051,"wr_mean_prob, null_cor0.6_kappa1","win_statistics_simulation.rds"
"tableS7_win_statistics","wo_mean_prob_null_cor0.6_kappa1",0.999983156060228,"wo_mean_prob, null_cor0.6_kappa1","win_statistics_simulation.rds"
"tableS7_win_statistics","power_wr_formula_null_cor0.6_kappa1",0.0250112966207743,"power_wr_formula, null_cor0.6_kappa1","win_statistics_simulation.rds"
"tableS7_win_statistics","power_wo_formula_null_cor0.6_kappa1",0.0250112966207743,"power_wo_formula, null_cor0.6_kappa1","win_statistics_simulation.rds"
"tableS7_win_statistics","p_win_indep_null_cor0.6_kappa1",0.489046371943321,"p_win_indep, null_cor0.6_kappa1","win_statistics_simulation.rds"
"tableS7_win_statistics","p_loss_indep_null_cor0.6_kappa1",0.48906675229572,"p_loss_indep, null_cor0.6_kappa1","win_statistics_simulation.rds"
"tableS7_win_statistics","p_tie_indep_null_cor0.6_kappa1",0.0218868757609582,"p_tie_indep, null_cor0.6_kappa1","win_statistics_simulation.rds"
"tableS7_win_statistics","power_wr_indep_null_cor0.6_kappa1",0.0250273112803063,"power_wr_indep, null_cor0.6_kappa1","win_statistics_simulation.rds"
"tableS7_win_statistics","power_wo_indep_null_cor0.6_kappa1",0.0250273112803061,"power_wo_indep, null_cor0.6_kappa1","win_statistics_simulation.rds"
"tableS7_win_statistics","nsim_null_cor0.6_kappa1",10000,"nsim, null_cor0.6_kappa1","win_statistics_simulation.rds"
"tableS7_win_statistics","mean_cutoff_null_cor0.6_kappa1",28.7597244417945,"mean_cutoff, null_cor0.6_kappa1","win_statistics_simulation.rds"
"tableS7_win_statistics","rej_wr_null_cor0_kappa0.6",0.0249,"rej_wr, null_cor0_kappa0.6","win_statistics_simulation.rds"
"tableS7_win_statistics","rej_wo_null_cor0_kappa0.6",0.0249,"rej_wo, null_cor0_kappa0.6","win_statistics_simulation.rds"
"tableS7_win_statistics","rej_logrank_os_null_cor0_kappa0.6",0.0258,"rej_logrank_os, null_cor0_kappa0.6","win_statistics_simulation.rds"
"tableS7_win_statistics","rej_logrank_pfs_null_cor0_kappa0.6",0.0254,"rej_logrank_pfs, null_cor0_kappa0.6","win_statistics_simulation.rds"
"tableS7_win_statistics","rej_orr_null_cor0_kappa0.6",0.0251,"rej_orr, null_cor0_kappa0.6","win_statistics_simulation.rds"
"tableS7_win_statistics","p_win_null_cor0_kappa0.6",0.471036166530612,"p_win, null_cor0_kappa0.6","win_statistics_simulation.rds"
"tableS7_win_statistics","p_loss_null_cor0_kappa0.6",0.471631948571429,"p_loss, null_cor0_kappa0.6","win_statistics_simulation.rds"
"tableS7_win_statistics","p_tie_null_cor0_kappa0.6",0.0573318848979592,"p_tie, null_cor0_kappa0.6","win_statistics_simulation.rds"
"tableS7_win_statistics","win_os_null_cor0_kappa0.6",0.311353453061224,"win_os, null_cor0_kappa0.6","win_statistics_simulation.rds"
"tableS7_win_statistics","loss_os_null_cor0_kappa0.6",0.311691478367347,"loss_os, null_cor0_kappa0.6","win_statistics_simulation.rds"
"tableS7_win_statistics","win_pfs_null_cor0_kappa0.6",0.139341263673469,"win_pfs, null_cor0_kappa0.6","win_statistics_simulation.rds"
"tableS7_win_statistics","loss_pfs_null_cor0_kappa0.6",0.139479196734694,"loss_pfs, null_cor0_kappa0.6","win_statistics_simulation.rds"
"tableS7_win_statistics","win_resp_null_cor0_kappa0.6",0.0203414497959184,"win_resp, null_cor0_kappa0.6","win_statistics_simulation.rds"
"tableS7_win_statistics","loss_resp_null_cor0_kappa0.6",0.0204612734693878,"loss_resp, null_cor0_kappa0.6","win_statistics_simulation.rds"
"tableS7_win_statistics","mwin_os_null_cor0_kappa0.6",0.311353453061224,"mwin_os, null_cor0_kappa0.6","win_statistics_simulation.rds"
"tableS7_win_statistics","mloss_os_null_cor0_kappa0.6",0.311691478367347,"mloss_os, null_cor0_kappa0.6","win_statistics_simulation.rds"
"tableS7_win_statistics","mwin_pfs_null_cor0_kappa0.6",0.45064355755102,"mwin_pfs, null_cor0_kappa0.6","win_statistics_simulation.rds"
"tableS7_win_statistics","mloss_pfs_null_cor0_kappa0.6",0.451221834285714,"mloss_pfs, null_cor0_kappa0.6","win_statistics_simulation.rds"
"tableS7_win_statistics","mwin_resp_null_cor0_kappa0.6",0.209589088163265,"mwin_resp, null_cor0_kappa0.6","win_statistics_simulation.rds"
"tableS7_win_statistics","mloss_resp_null_cor0_kappa0.6",0.209766516734694,"mloss_resp, null_cor0_kappa0.6","win_statistics_simulation.rds"
"tableS7_win_statistics","wr_mean_prob_null_cor0_kappa0.6",0.998736764880706,"wr_mean_prob, null_cor0_kappa0.6","win_statistics_simulation.rds"
"tableS7_win_statistics","wo_mean_prob_null_cor0_kappa0.6",0.998809145408146,"wo_mean_prob, null_cor0_kappa0.6","win_statistics_simulation.rds"
"tableS7_win_statistics","power_wr_formula_null_cor0_kappa0.6",0.0258099324179926,"power_wr_formula, null_cor0_kappa0.6","win_statistics_simulation.rds"
"tableS7_win_statistics","power_wo_formula_null_cor0_kappa0.6",0.0258099324058208,"power_wo_formula, null_cor0_kappa0.6","win_statistics_simulation.rds"
"tableS7_win_statistics","p_win_indep_null_cor0_kappa0.6",0.488979016578987,"p_win_indep, null_cor0_kappa0.6","win_statistics_simulation.rds"
"tableS7_win_statistics","p_loss_indep_null_cor0_kappa0.6",0.489541589728965,"p_loss_indep, null_cor0_kappa0.6","win_statistics_simulation.rds"
"tableS7_win_statistics","p_tie_indep_null_cor0_kappa0.6",0.0214793936920477,"p_tie_indep, null_cor0_kappa0.6","win_statistics_simulation.rds"
"tableS7_win_statistics","power_wr_indep_null_cor0_kappa0.6",0.0257631212885266,"power_wr_indep, null_cor0_kappa0.6","win_statistics_simulation.rds"
"tableS7_win_statistics","power_wo_indep_null_cor0_kappa0.6",0.0257631212849083,"power_wo_indep, null_cor0_kappa0.6","win_statistics_simulation.rds"
"tableS7_win_statistics","nsim_null_cor0_kappa0.6",10000,"nsim, null_cor0_kappa0.6","win_statistics_simulation.rds"
"tableS7_win_statistics","mean_cutoff_null_cor0_kappa0.6",28.8014369752014,"mean_cutoff, null_cor0_kappa0.6","win_statistics_simulation.rds"
"tableS7_win_statistics","rej_wr_null_cor0.2_kappa0.6",0.0232,"rej_wr, null_cor0.2_kappa0.6","win_statistics_simulation.rds"
"tableS7_win_statistics","rej_wo_null_cor0.2_kappa0.6",0.0232,"rej_wo, null_cor0.2_kappa0.6","win_statistics_simulation.rds"
"tableS7_win_statistics","rej_logrank_os_null_cor0.2_kappa0.6",0.0241,"rej_logrank_os, null_cor0.2_kappa0.6","win_statistics_simulation.rds"
"tableS7_win_statistics","rej_logrank_pfs_null_cor0.2_kappa0.6",0.0254,"rej_logrank_pfs, null_cor0.2_kappa0.6","win_statistics_simulation.rds"
"tableS7_win_statistics","rej_orr_null_cor0.2_kappa0.6",0.0282,"rej_orr, null_cor0.2_kappa0.6","win_statistics_simulation.rds"
"tableS7_win_statistics","p_win_null_cor0.2_kappa0.6",0.474712376326531,"p_win, null_cor0.2_kappa0.6","win_statistics_simulation.rds"
"tableS7_win_statistics","p_loss_null_cor0.2_kappa0.6",0.474377151836735,"p_loss, null_cor0.2_kappa0.6","win_statistics_simulation.rds"
"tableS7_win_statistics","p_tie_null_cor0.2_kappa0.6",0.0509104718367347,"p_tie, null_cor0.2_kappa0.6","win_statistics_simulation.rds"
"tableS7_win_statistics","win_os_null_cor0.2_kappa0.6",0.312790046530612,"win_os, null_cor0.2_kappa0.6","win_statistics_simulation.rds"
"tableS7_win_statistics","loss_os_null_cor0.2_kappa0.6",0.31248454122449,"loss_os, null_cor0.2_kappa0.6","win_statistics_simulation.rds"
"tableS7_win_statistics","win_pfs_null_cor0.2_kappa0.6",0.138761241632653,"win_pfs, null_cor0.2_kappa0.6","win_statistics_simulation.rds"
"tableS7_win_statistics","loss_pfs_null_cor0.2_kappa0.6",0.138791075102041,"loss_pfs, null_cor0.2_kappa0.6","win_statistics_simulation.rds"
"tableS7_win_statistics","win_resp_null_cor0.2_kappa0.6",0.0231610881632653,"win_resp, null_cor0.2_kappa0.6","win_statistics_simulation.rds"
"tableS7_win_statistics","loss_resp_null_cor0.2_kappa0.6",0.0231015355102041,"loss_resp, null_cor0.2_kappa0.6","win_statistics_simulation.rds"
"tableS7_win_statistics","mwin_os_null_cor0.2_kappa0.6",0.312790046530612,"mwin_os, null_cor0.2_kappa0.6","win_statistics_simulation.rds"
"tableS7_win_statistics","mloss_os_null_cor0.2_kappa0.6",0.31248454122449,"mloss_os, null_cor0.2_kappa0.6","win_statistics_simulation.rds"
"tableS7_win_statistics","mwin_pfs_null_cor0.2_kappa0.6",0.451445919183673,"mwin_pfs, null_cor0.2_kappa0.6","win_statistics_simulation.rds"
"tableS7_win_statistics","mloss_pfs_null_cor0.2_kappa0.6",0.451380985306122,"mloss_pfs, null_cor0.2_kappa0.6","win_statistics_simulation.rds"
"tableS7_win_statistics","mwin_resp_null_cor0.2_kappa0.6",0.209739923265306,"mwin_resp, null_cor0.2_kappa0.6","win_statistics_simulation.rds"
"tableS7_win_statistics","mloss_resp_null_cor0.2_kappa0.6",0.209302780408163,"mloss_resp, null_cor0.2_kappa0.6","win_statistics_simulation.rds"
"tableS7_win_statistics","wr_mean_prob_null_cor0.2_kappa0.6",1.00070666238561,"wr_mean_prob, null_cor0.2_kappa0.6","win_statistics_simulation.rds"
"tableS7_win_statistics","wo_mean_prob_null_cor0.2_kappa0.6",1.00067067380588,"wo_mean_prob, null_cor0.2_kappa0.6","win_statistics_simulation.rds"
"tableS7_win_statistics","power_wr_formula_null_cor0.2_kappa0.6",0.0254528974964318,"power_wr_formula, null_cor0.2_kappa0.6","win_statistics_simulation.rds"
"tableS7_win_statistics","power_wo_formula_null_cor0.2_kappa0.6",0.0254528974945488,"power_wo_formula, null_cor0.2_kappa0.6","win_statistics_simulation.rds"
"tableS7_win_statistics","p_win_indep_null_cor0.2_kappa0.6",0.489595612407059,"p_win_indep, null_cor0.2_kappa0.6","win_statistics_simulation.rds"
"tableS7_win_statistics","p_loss_indep_null_cor0.2_kappa0.6",0.489249856944257,"p_loss_indep, null_cor0.2_kappa0.6","win_statistics_simulation.rds"
"tableS7_win_statistics","p_tie_indep_null_cor0.2_kappa0.6",0.0211545306486849,"p_tie_indep, null_cor0.2_kappa0.6","win_statistics_simulation.rds"
"tableS7_win_statistics","power_wr_indep_null_cor0.2_kappa0.6",0.02546673038394,"power_wr_indep, null_cor0.2_kappa0.6","win_statistics_simulation.rds"
"tableS7_win_statistics","power_wo_indep_null_cor0.2_kappa0.6",0.025466730383121,"power_wo_indep, null_cor0.2_kappa0.6","win_statistics_simulation.rds"
"tableS7_win_statistics","nsim_null_cor0.2_kappa0.6",10000,"nsim, null_cor0.2_kappa0.6","win_statistics_simulation.rds"
"tableS7_win_statistics","mean_cutoff_null_cor0.2_kappa0.6",28.8458407059706,"mean_cutoff, null_cor0.2_kappa0.6","win_statistics_simulation.rds"
"tableS7_win_statistics","rej_wr_null_cor0.4_kappa0.6",0.0234,"rej_wr, null_cor0.4_kappa0.6","win_statistics_simulation.rds"
"tableS7_win_statistics","rej_wo_null_cor0.4_kappa0.6",0.0234,"rej_wo, null_cor0.4_kappa0.6","win_statistics_simulation.rds"
"tableS7_win_statistics","rej_logrank_os_null_cor0.4_kappa0.6",0.0236,"rej_logrank_os, null_cor0.4_kappa0.6","win_statistics_simulation.rds"
"tableS7_win_statistics","rej_logrank_pfs_null_cor0.4_kappa0.6",0.0255,"rej_logrank_pfs, null_cor0.4_kappa0.6","win_statistics_simulation.rds"
"tableS7_win_statistics","rej_orr_null_cor0.4_kappa0.6",0.0252,"rej_orr, null_cor0.4_kappa0.6","win_statistics_simulation.rds"
"tableS7_win_statistics","p_win_null_cor0.4_kappa0.6",0.47523620244898,"p_win, null_cor0.4_kappa0.6","win_statistics_simulation.rds"
"tableS7_win_statistics","p_loss_null_cor0.4_kappa0.6",0.47584496,"p_loss, null_cor0.4_kappa0.6","win_statistics_simulation.rds"
"tableS7_win_statistics","p_tie_null_cor0.4_kappa0.6",0.0489188375510204,"p_tie, null_cor0.4_kappa0.6","win_statistics_simulation.rds"
"tableS7_win_statistics","win_os_null_cor0.4_kappa0.6",0.313073950204082,"win_os, null_cor0.4_kappa0.6","win_statistics_simulation.rds"
"tableS7_win_statistics","loss_os_null_cor0.4_kappa0.6",0.313729290612245,"loss_os, null_cor0.4_kappa0.6","win_statistics_simulation.rds"
"tableS7_win_statistics","win_pfs_null_cor0.4_kappa0.6",0.138410684081633,"win_pfs, null_cor0.4_kappa0.6","win_statistics_simulation.rds"
"tableS7_win_statistics","loss_pfs_null_cor0.4_kappa0.6",0.138391504489796,"loss_pfs, null_cor0.4_kappa0.6","win_statistics_simulation.rds"
"tableS7_win_statistics","win_resp_null_cor0.4_kappa0.6",0.0237515681632653,"win_resp, null_cor0.4_kappa0.6","win_statistics_simulation.rds"
"tableS7_win_statistics","loss_resp_null_cor0.4_kappa0.6",0.0237241648979592,"loss_resp, null_cor0.4_kappa0.6","win_statistics_simulation.rds"
"tableS7_win_statistics","mwin_os_null_cor0.4_kappa0.6",0.313073950204082,"mwin_os, null_cor0.4_kappa0.6","win_statistics_simulation.rds"
"tableS7_win_statistics","mloss_os_null_cor0.4_kappa0.6",0.313729290612245,"mloss_os, null_cor0.4_kappa0.6","win_statistics_simulation.rds"
"tableS7_win_statistics","mwin_pfs_null_cor0.4_kappa0.6",0.451539773877551,"mwin_pfs, null_cor0.4_kappa0.6","win_statistics_simulation.rds"
"tableS7_win_statistics","mloss_pfs_null_cor0.4_kappa0.6",0.452065655510204,"mloss_pfs, null_cor0.4_kappa0.6","win_statistics_simulation.rds"
"tableS7_win_statistics","mwin_resp_null_cor0.4_kappa0.6",0.209425826938776,"mwin_resp, null_cor0.4_kappa0.6","win_statistics_simulation.rds"
"tableS7_win_statistics","mloss_resp_null_cor0.4_kappa0.6",0.20973154122449,"mloss_resp, null_cor0.4_kappa0.6","win_statistics_simulation.rds"
"tableS7_win_statistics","wr_mean_prob_null_cor0.4_kappa0.6",0.99872068088938,"wr_mean_prob, null_cor0.4_kappa0.6","win_statistics_simulation.rds"
"tableS7_win_statistics","wo_mean_prob_null_cor0.4_kappa0.6",0.998783225618552,"wo_mean_prob, null_cor0.4_kappa0.6","win_statistics_simulation.rds"
"tableS7_win_statistics","power_wr_formula_null_cor0.4_kappa0.6",0.0258274373612596,"power_wr_formula, null_cor0.4_kappa0.6","win_statistics_simulation.rds"
"tableS7_win_statistics","power_wo_formula_null_cor0.4_kappa0.6",0.025827437350327,"power_wo_formula, null_cor0.4_kappa0.6","win_statistics_simulation.rds"
"tableS7_win_statistics","p_win_indep_null_cor0.4_kappa0.6",0.489121044759478,"p_win_indep, null_cor0.4_kappa0.6","win_statistics_simulation.rds"
"tableS7_win_statistics","p_loss_indep_null_cor0.4_kappa0.6",0.48998364029759,"p_loss_indep, null_cor0.4_kappa0.6","win_statistics_simulation.rds"
"tableS7_win_statistics","p_tie_indep_null_cor0.4_kappa0.6",0.0208953149429324,"p_tie_indep, null_cor0.4_kappa0.6","win_statistics_simulation.rds"
"tableS7_win_statistics","power_wr_indep_null_cor0.4_kappa0.6",0.0261779908950739,"power_wr_indep, null_cor0.4_kappa0.6","win_statistics_simulation.rds"
"tableS7_win_statistics","power_wo_indep_null_cor0.4_kappa0.6",0.0261779908822261,"power_wo_indep, null_cor0.4_kappa0.6","win_statistics_simulation.rds"
"tableS7_win_statistics","nsim_null_cor0.4_kappa0.6",10000,"nsim, null_cor0.4_kappa0.6","win_statistics_simulation.rds"
"tableS7_win_statistics","mean_cutoff_null_cor0.4_kappa0.6",28.8785033238188,"mean_cutoff, null_cor0.4_kappa0.6","win_statistics_simulation.rds"
"tableS7_win_statistics","rej_wr_null_cor0.6_kappa0.6",0.0252,"rej_wr, null_cor0.6_kappa0.6","win_statistics_simulation.rds"
"tableS7_win_statistics","rej_wo_null_cor0.6_kappa0.6",0.0251,"rej_wo, null_cor0.6_kappa0.6","win_statistics_simulation.rds"
"tableS7_win_statistics","rej_logrank_os_null_cor0.6_kappa0.6",0.0272,"rej_logrank_os, null_cor0.6_kappa0.6","win_statistics_simulation.rds"
"tableS7_win_statistics","rej_logrank_pfs_null_cor0.6_kappa0.6",0.0242,"rej_logrank_pfs, null_cor0.6_kappa0.6","win_statistics_simulation.rds"
"tableS7_win_statistics","rej_orr_null_cor0.6_kappa0.6",0.0217,"rej_orr, null_cor0.6_kappa0.6","win_statistics_simulation.rds"
"tableS7_win_statistics","p_win_null_cor0.6_kappa0.6",0.474192257959184,"p_win, null_cor0.6_kappa0.6","win_statistics_simulation.rds"
"tableS7_win_statistics","p_loss_null_cor0.6_kappa0.6",0.474323610612245,"p_loss, null_cor0.6_kappa0.6","win_statistics_simulation.rds"
"tableS7_win_statistics","p_tie_null_cor0.6_kappa0.6",0.0514841314285714,"p_tie, null_cor0.6_kappa0.6","win_statistics_simulation.rds"
"tableS7_win_statistics","win_os_null_cor0.6_kappa0.6",0.314643096326531,"win_os, null_cor0.6_kappa0.6","win_statistics_simulation.rds"
"tableS7_win_statistics","loss_os_null_cor0.6_kappa0.6",0.314742504489796,"loss_os, null_cor0.6_kappa0.6","win_statistics_simulation.rds"
"tableS7_win_statistics","win_pfs_null_cor0.6_kappa0.6",0.137849946122449,"win_pfs, null_cor0.6_kappa0.6","win_statistics_simulation.rds"
"tableS7_win_statistics","loss_pfs_null_cor0.6_kappa0.6",0.137887431020408,"loss_pfs, null_cor0.6_kappa0.6","win_statistics_simulation.rds"
"tableS7_win_statistics","win_resp_null_cor0.6_kappa0.6",0.0216992155102041,"win_resp, null_cor0.6_kappa0.6","win_statistics_simulation.rds"
"tableS7_win_statistics","loss_resp_null_cor0.6_kappa0.6",0.0216936751020408,"loss_resp, null_cor0.6_kappa0.6","win_statistics_simulation.rds"
"tableS7_win_statistics","mwin_os_null_cor0.6_kappa0.6",0.314643096326531,"mwin_os, null_cor0.6_kappa0.6","win_statistics_simulation.rds"
"tableS7_win_statistics","mloss_os_null_cor0.6_kappa0.6",0.314742504489796,"mloss_os, null_cor0.6_kappa0.6","win_statistics_simulation.rds"
"tableS7_win_statistics","mwin_pfs_null_cor0.6_kappa0.6",0.452578697959184,"mwin_pfs, null_cor0.6_kappa0.6","win_statistics_simulation.rds"
"tableS7_win_statistics","mloss_pfs_null_cor0.6_kappa0.6",0.45254428,"mloss_pfs, null_cor0.6_kappa0.6","win_statistics_simulation.rds"
"tableS7_win_statistics","mwin_resp_null_cor0.6_kappa0.6",0.209324097142857,"mwin_resp, null_cor0.6_kappa0.6","win_statistics_simulation.rds"
"tableS7_win_statistics","mloss_resp_null_cor0.6_kappa0.6",0.209391811428571,"mloss_resp, null_cor0.6_kappa0.6","win_statistics_simulation.rds"
"tableS7_win_statistics","wr_mean_prob_null_cor0.6_kappa0.6",0.999723073762043,"wr_mean_prob, null_cor0.6_kappa0.6","win_statistics_simulation.rds"
"tableS7_win_statistics","wo_mean_prob_null_cor0.6_kappa0.6",0.999737329196385,"wo_mean_prob, null_cor0.6_kappa0.6","win_statistics_simulation.rds"
"tableS7_win_statistics","power_wr_formula_null_cor0.6_kappa0.6",0.0251766547477821,"power_wr_formula, null_cor0.6_kappa0.6","win_statistics_simulation.rds"
"tableS7_win_statistics","power_wo_formula_null_cor0.6_kappa0.6",0.0251766547476683,"power_wo_formula, null_cor0.6_kappa0.6","win_statistics_simulation.rds"
"tableS7_win_statistics","p_win_indep_null_cor0.6_kappa0.6",0.489735697932624,"p_win_indep, null_cor0.6_kappa0.6","win_statistics_simulation.rds"
"tableS7_win_statistics","p_loss_indep_null_cor0.6_kappa0.6",0.489824731327869,"p_loss_indep, null_cor0.6_kappa0.6","win_statistics_simulation.rds"
"tableS7_win_statistics","p_tie_indep_null_cor0.6_kappa0.6",0.0204395707395075,"p_tie_indep, null_cor0.6_kappa0.6","win_statistics_simulation.rds"
"tableS7_win_statistics","power_wr_indep_null_cor0.6_kappa0.6",0.0251194922138213,"power_wr_indep, null_cor0.6_kappa0.6","win_statistics_simulation.rds"
"tableS7_win_statistics","power_wo_indep_null_cor0.6_kappa0.6",0.0251194922138079,"power_wo_indep, null_cor0.6_kappa0.6","win_statistics_simulation.rds"
"tableS7_win_statistics","nsim_null_cor0.6_kappa0.6",10000,"nsim, null_cor0.6_kappa0.6","win_statistics_simulation.rds"
"tableS7_win_statistics","mean_cutoff_null_cor0.6_kappa0.6",28.9513490064602,"mean_cutoff, null_cor0.6_kappa0.6","win_statistics_simulation.rds"
"tableS7_win_statistics","rej_wr_alternative_cor0_kappa1",0.9707,"rej_wr, alternative_cor0_kappa1","win_statistics_simulation.rds"
"tableS7_win_statistics","rej_wo_alternative_cor0_kappa1",0.9707,"rej_wo, alternative_cor0_kappa1","win_statistics_simulation.rds"
"tableS7_win_statistics","rej_logrank_os_alternative_cor0_kappa1",0.7193,"rej_logrank_os, alternative_cor0_kappa1","win_statistics_simulation.rds"
"tableS7_win_statistics","rej_logrank_pfs_alternative_cor0_kappa1",0.9865,"rej_logrank_pfs, alternative_cor0_kappa1","win_statistics_simulation.rds"
"tableS7_win_statistics","rej_orr_alternative_cor0_kappa1",0.9863,"rej_orr, alternative_cor0_kappa1","win_statistics_simulation.rds"
"tableS7_win_statistics","p_win_alternative_cor0_kappa1",0.554949676734694,"p_win, alternative_cor0_kappa1","win_statistics_simulation.rds"
"tableS7_win_statistics","p_loss_alternative_cor0_kappa1",0.394105384489796,"p_loss, alternative_cor0_kappa1","win_statistics_simulation.rds"
"tableS7_win_statistics","p_tie_alternative_cor0_kappa1",0.0509449387755102,"p_tie, alternative_cor0_kappa1","win_statistics_simulation.rds"
"tableS7_win_statistics","win_os_alternative_cor0_kappa1",0.363049528163265,"win_os, alternative_cor0_kappa1","win_statistics_simulation.rds"
"tableS7_win_statistics","loss_os_alternative_cor0_kappa1",0.273821911836735,"loss_os, alternative_cor0_kappa1","win_statistics_simulation.rds"
"tableS7_win_statistics","win_pfs_alternative_cor0_kappa1",0.160280124081633,"win_pfs, alternative_cor0_kappa1","win_statistics_simulation.rds"
"tableS7_win_statistics","loss_pfs_alternative_cor0_kappa1",0.104957833469388,"loss_pfs, alternative_cor0_kappa1","win_statistics_simulation.rds"
"tableS7_win_statistics","win_resp_alternative_cor0_kappa1",0.0316200244897959,"win_resp, alternative_cor0_kappa1","win_statistics_simulation.rds"
"tableS7_win_statistics","loss_resp_alternative_cor0_kappa1",0.0153256391836735,"loss_resp, alternative_cor0_kappa1","win_statistics_simulation.rds"
"tableS7_win_statistics","mwin_os_alternative_cor0_kappa1",0.363049528163265,"mwin_os, alternative_cor0_kappa1","win_statistics_simulation.rds"
"tableS7_win_statistics","mloss_os_alternative_cor0_kappa1",0.273821911836735,"mloss_os, alternative_cor0_kappa1","win_statistics_simulation.rds"
"tableS7_win_statistics","mwin_pfs_alternative_cor0_kappa1",0.531150845714286,"mwin_pfs, alternative_cor0_kappa1","win_statistics_simulation.rds"
"tableS7_win_statistics","mloss_pfs_alternative_cor0_kappa1",0.370958551836735,"mloss_pfs, alternative_cor0_kappa1","win_statistics_simulation.rds"
"tableS7_win_statistics","mwin_resp_alternative_cor0_kappa1",0.314606537142857,"mwin_resp, alternative_cor0_kappa1","win_statistics_simulation.rds"
"tableS7_win_statistics","mloss_resp_alternative_cor0_kappa1",0.165086251428571,"mloss_resp, alternative_cor0_kappa1","win_statistics_simulation.rds"
"tableS7_win_statistics","wr_mean_prob_alternative_cor0_kappa1",1.40812508170403,"wr_mean_prob, alternative_cor0_kappa1","win_statistics_simulation.rds"
"tableS7_win_statistics","wo_mean_prob_alternative_cor0_kappa1",1.38334790732744,"wo_mean_prob, alternative_cor0_kappa1","win_statistics_simulation.rds"
"tableS7_win_statistics","power_wr_formula_alternative_cor0_kappa1",0.961317703428904,"power_wr_formula, alternative_cor0_kappa1","win_statistics_simulation.rds"
"tableS7_win_statistics","power_wo_formula_alternative_cor0_kappa1",0.961012616789247,"power_wo_formula, alternative_cor0_kappa1","win_statistics_simulation.rds"
"tableS7_win_statistics","p_win_indep_alternative_cor0_kappa1",0.567108848689886,"p_win_indep, alternative_cor0_kappa1","win_statistics_simulation.rds"
"tableS7_win_statistics","p_loss_indep_alternative_cor0_kappa1",0.414395856681812,"p_loss_indep, alternative_cor0_kappa1","win_statistics_simulation.rds"
"tableS7_win_statistics","p_tie_indep_alternative_cor0_kappa1",0.0184952946283025,"p_tie_indep, alternative_cor0_kappa1","win_statistics_simulation.rds"
"tableS7_win_statistics","power_wr_indep_alternative_cor0_kappa1",0.941604581896144,"power_wr_indep, alternative_cor0_kappa1","win_statistics_simulation.rds"
"tableS7_win_statistics","power_wo_indep_alternative_cor0_kappa1",0.941480249538253,"power_wo_indep, alternative_cor0_kappa1","win_statistics_simulation.rds"
"tableS7_win_statistics","nsim_alternative_cor0_kappa1",10000,"nsim, alternative_cor0_kappa1","win_statistics_simulation.rds"
"tableS7_win_statistics","mean_cutoff_alternative_cor0_kappa1",30.2801287161309,"mean_cutoff, alternative_cor0_kappa1","win_statistics_simulation.rds"
"tableS7_win_statistics","rej_wr_alternative_cor0.2_kappa1",0.9641,"rej_wr, alternative_cor0.2_kappa1","win_statistics_simulation.rds"
"tableS7_win_statistics","rej_wo_alternative_cor0.2_kappa1",0.9641,"rej_wo, alternative_cor0.2_kappa1","win_statistics_simulation.rds"
"tableS7_win_statistics","rej_logrank_os_alternative_cor0.2_kappa1",0.7175,"rej_logrank_os, alternative_cor0.2_kappa1","win_statistics_simulation.rds"
"tableS7_win_statistics","rej_logrank_pfs_alternative_cor0.2_kappa1",0.9856,"rej_logrank_pfs, alternative_cor0.2_kappa1","win_statistics_simulation.rds"
"tableS7_win_statistics","rej_orr_alternative_cor0.2_kappa1",0.9846,"rej_orr, alternative_cor0.2_kappa1","win_statistics_simulation.rds"
"tableS7_win_statistics","p_win_alternative_cor0.2_kappa1",0.554467286530612,"p_win, alternative_cor0.2_kappa1","win_statistics_simulation.rds"
"tableS7_win_statistics","p_loss_alternative_cor0.2_kappa1",0.397383896326531,"p_loss, alternative_cor0.2_kappa1","win_statistics_simulation.rds"
"tableS7_win_statistics","p_tie_alternative_cor0.2_kappa1",0.0481488171428571,"p_tie, alternative_cor0.2_kappa1","win_statistics_simulation.rds"
"tableS7_win_statistics","win_os_alternative_cor0.2_kappa1",0.362373216326531,"win_os, alternative_cor0.2_kappa1","win_statistics_simulation.rds"
"tableS7_win_statistics","loss_os_alternative_cor0.2_kappa1",0.274495414693878,"loss_os, alternative_cor0.2_kappa1","win_statistics_simulation.rds"
"tableS7_win_statistics","win_pfs_alternative_cor0.2_kappa1",0.160197936326531,"win_pfs, alternative_cor0.2_kappa1","win_statistics_simulation.rds"
"tableS7_win_statistics","loss_pfs_alternative_cor0.2_kappa1",0.104966876734694,"loss_pfs, alternative_cor0.2_kappa1","win_statistics_simulation.rds"
"tableS7_win_statistics","win_resp_alternative_cor0.2_kappa1",0.031896133877551,"win_resp, alternative_cor0.2_kappa1","win_statistics_simulation.rds"
"tableS7_win_statistics","loss_resp_alternative_cor0.2_kappa1",0.0179216048979592,"loss_resp, alternative_cor0.2_kappa1","win_statistics_simulation.rds"
"tableS7_win_statistics","mwin_os_alternative_cor0.2_kappa1",0.362373216326531,"mwin_os, alternative_cor0.2_kappa1","win_statistics_simulation.rds"
"tableS7_win_statistics","mloss_os_alternative_cor0.2_kappa1",0.274495414693878,"mloss_os, alternative_cor0.2_kappa1","win_statistics_simulation.rds"
"tableS7_win_statistics","mwin_pfs_alternative_cor0.2_kappa1",0.530627851428571,"mwin_pfs, alternative_cor0.2_kappa1","win_statistics_simulation.rds"
"tableS7_win_statistics","mloss_pfs_alternative_cor0.2_kappa1",0.371405592653061,"mloss_pfs, alternative_cor0.2_kappa1","win_statistics_simulation.rds"
"tableS7_win_statistics","mwin_resp_alternative_cor0.2_kappa1",0.314993156734694,"mwin_resp, alternative_cor0.2_kappa1","win_statistics_simulation.rds"
"tableS7_win_statistics","mloss_resp_alternative_cor0.2_kappa1",0.164704013877551,"mloss_resp, alternative_cor0.2_kappa1","win_statistics_simulation.rds"
"tableS7_win_statistics","wr_mean_prob_alternative_cor0.2_kappa1",1.39529379941206,"wr_mean_prob, alternative_cor0.2_kappa1","win_statistics_simulation.rds"
"tableS7_win_statistics","wo_mean_prob_alternative_cor0.2_kappa1",1.37271395148356,"wo_mean_prob, alternative_cor0.2_kappa1","win_statistics_simulation.rds"
"tableS7_win_statistics","power_wr_formula_alternative_cor0.2_kappa1",0.95319998274884,"power_wr_formula, alternative_cor0.2_kappa1","win_statistics_simulation.rds"
"tableS7_win_statistics","power_wo_formula_alternative_cor0.2_kappa1",0.952888787885339,"power_wo_formula, alternative_cor0.2_kappa1","win_statistics_simulation.rds"
"tableS7_win_statistics","p_win_indep_alternative_cor0.2_kappa1",0.566266630800103,"p_win_indep, alternative_cor0.2_kappa1","win_statistics_simulation.rds"
"tableS7_win_statistics","p_loss_indep_alternative_cor0.2_kappa1",0.4152237367526,"p_loss_indep, alternative_cor0.2_kappa1","win_statistics_simulation.rds"
"tableS7_win_statistics","p_tie_indep_alternative_cor0.2_kappa1",0.018509632447297,"p_tie_indep, alternative_cor0.2_kappa1","win_statistics_simulation.rds"
"tableS7_win_statistics","power_wr_indep_alternative_cor0.2_kappa1",0.936889659333819,"power_wr_indep, alternative_cor0.2_kappa1","win_statistics_simulation.rds"
"tableS7_win_statistics","power_wo_indep_alternative_cor0.2_kappa1",0.936761814990719,"power_wo_indep, alternative_cor0.2_kappa1","win_statistics_simulation.rds"
"tableS7_win_statistics","nsim_alternative_cor0.2_kappa1",10000,"nsim, alternative_cor0.2_kappa1","win_statistics_simulation.rds"
"tableS7_win_statistics","mean_cutoff_alternative_cor0.2_kappa1",30.2694511329007,"mean_cutoff, alternative_cor0.2_kappa1","win_statistics_simulation.rds"
"tableS7_win_statistics","rej_wr_alternative_cor0.4_kappa1",0.9607,"rej_wr, alternative_cor0.4_kappa1","win_statistics_simulation.rds"
"tableS7_win_statistics","rej_wo_alternative_cor0.4_kappa1",0.9607,"rej_wo, alternative_cor0.4_kappa1","win_statistics_simulation.rds"
"tableS7_win_statistics","rej_logrank_os_alternative_cor0.4_kappa1",0.7109,"rej_logrank_os, alternative_cor0.4_kappa1","win_statistics_simulation.rds"
"tableS7_win_statistics","rej_logrank_pfs_alternative_cor0.4_kappa1",0.9873,"rej_logrank_pfs, alternative_cor0.4_kappa1","win_statistics_simulation.rds"
"tableS7_win_statistics","rej_orr_alternative_cor0.4_kappa1",0.9834,"rej_orr, alternative_cor0.4_kappa1","win_statistics_simulation.rds"
"tableS7_win_statistics","p_win_alternative_cor0.4_kappa1",0.552449389387755,"p_win, alternative_cor0.4_kappa1","win_statistics_simulation.rds"
"tableS7_win_statistics","p_loss_alternative_cor0.4_kappa1",0.397256151836735,"p_loss, alternative_cor0.4_kappa1","win_statistics_simulation.rds"
"tableS7_win_statistics","p_tie_alternative_cor0.4_kappa1",0.0502944587755102,"p_tie, alternative_cor0.4_kappa1","win_statistics_simulation.rds"
"tableS7_win_statistics","win_os_alternative_cor0.4_kappa1",0.362231755102041,"win_os, alternative_cor0.4_kappa1","win_statistics_simulation.rds"
"tableS7_win_statistics","loss_os_alternative_cor0.4_kappa1",0.274532686530612,"loss_os, alternative_cor0.4_kappa1","win_statistics_simulation.rds"
"tableS7_win_statistics","win_pfs_alternative_cor0.4_kappa1",0.160235079183673,"win_pfs, alternative_cor0.4_kappa1","win_statistics_simulation.rds"
"tableS7_win_statistics","loss_pfs_alternative_cor0.4_kappa1",0.104879401632653,"loss_pfs, alternative_cor0.4_kappa1","win_statistics_simulation.rds"
"tableS7_win_statistics","win_resp_alternative_cor0.4_kappa1",0.0299825551020408,"win_resp, alternative_cor0.4_kappa1","win_statistics_simulation.rds"
"tableS7_win_statistics","loss_resp_alternative_cor0.4_kappa1",0.0178440636734694,"loss_resp, alternative_cor0.4_kappa1","win_statistics_simulation.rds"
"tableS7_win_statistics","mwin_os_alternative_cor0.4_kappa1",0.362231755102041,"mwin_os, alternative_cor0.4_kappa1","win_statistics_simulation.rds"
"tableS7_win_statistics","mloss_os_alternative_cor0.4_kappa1",0.274532686530612,"mloss_os, alternative_cor0.4_kappa1","win_statistics_simulation.rds"
"tableS7_win_statistics","mwin_pfs_alternative_cor0.4_kappa1",0.530358125714286,"mwin_pfs, alternative_cor0.4_kappa1","win_statistics_simulation.rds"
"tableS7_win_statistics","mloss_pfs_alternative_cor0.4_kappa1",0.371520796734694,"mloss_pfs, alternative_cor0.4_kappa1","win_statistics_simulation.rds"
"tableS7_win_statistics","mwin_resp_alternative_cor0.4_kappa1",0.314702529795918,"mwin_resp, alternative_cor0.4_kappa1","win_statistics_simulation.rds"
"tableS7_win_statistics","mloss_resp_alternative_cor0.4_kappa1",0.164905958367347,"mloss_resp, alternative_cor0.4_kappa1","win_statistics_simulation.rds"
"tableS7_win_statistics","wr_mean_prob_alternative_cor0.4_kappa1",1.3906628930313,"wr_mean_prob, alternative_cor0.4_kappa1","win_statistics_simulation.rds"
"tableS7_win_statistics","wo_mean_prob_alternative_cor0.4_kappa1",1.36740529183535,"wo_mean_prob, alternative_cor0.4_kappa1","win_statistics_simulation.rds"
"tableS7_win_statistics","power_wr_formula_alternative_cor0.4_kappa1",0.948731354985465,"power_wr_formula, alternative_cor0.4_kappa1","win_statistics_simulation.rds"
"tableS7_win_statistics","power_wo_formula_alternative_cor0.4_kappa1",0.948393254475954,"power_wo_formula, alternative_cor0.4_kappa1","win_statistics_simulation.rds"
"tableS7_win_statistics","p_win_indep_alternative_cor0.4_kappa1",0.566093018159264,"p_win_indep, alternative_cor0.4_kappa1","win_statistics_simulation.rds"
"tableS7_win_statistics","p_loss_indep_alternative_cor0.4_kappa1",0.415359674458391,"p_loss_indep, alternative_cor0.4_kappa1","win_statistics_simulation.rds"
"tableS7_win_statistics","p_tie_indep_alternative_cor0.4_kappa1",0.0185473073823456,"p_tie_indep, alternative_cor0.4_kappa1","win_statistics_simulation.rds"
"tableS7_win_statistics","power_wr_indep_alternative_cor0.4_kappa1",0.935984873816124,"power_wr_indep, alternative_cor0.4_kappa1","win_statistics_simulation.rds"
"tableS7_win_statistics","power_wo_indep_alternative_cor0.4_kappa1",0.9358561453771,"power_wo_indep, alternative_cor0.4_kappa1","win_statistics_simulation.rds"
"tableS7_win_statistics","nsim_alternative_cor0.4_kappa1",10000,"nsim, alternative_cor0.4_kappa1","win_statistics_simulation.rds"
"tableS7_win_statistics","mean_cutoff_alternative_cor0.4_kappa1",30.272294553441,"mean_cutoff, alternative_cor0.4_kappa1","win_statistics_simulation.rds"
"tableS7_win_statistics","rej_wr_alternative_cor0.6_kappa1",0.9539,"rej_wr, alternative_cor0.6_kappa1","win_statistics_simulation.rds"
"tableS7_win_statistics","rej_wo_alternative_cor0.6_kappa1",0.9539,"rej_wo, alternative_cor0.6_kappa1","win_statistics_simulation.rds"
"tableS7_win_statistics","rej_logrank_os_alternative_cor0.6_kappa1",0.7179,"rej_logrank_os, alternative_cor0.6_kappa1","win_statistics_simulation.rds"
"tableS7_win_statistics","rej_logrank_pfs_alternative_cor0.6_kappa1",0.9855,"rej_logrank_pfs, alternative_cor0.6_kappa1","win_statistics_simulation.rds"
"tableS7_win_statistics","rej_orr_alternative_cor0.6_kappa1",0.9827,"rej_orr, alternative_cor0.6_kappa1","win_statistics_simulation.rds"
"tableS7_win_statistics","p_win_alternative_cor0.6_kappa1",0.547614410612245,"p_win, alternative_cor0.6_kappa1","win_statistics_simulation.rds"
"tableS7_win_statistics","p_loss_alternative_cor0.6_kappa1",0.393189852244898,"p_loss, alternative_cor0.6_kappa1","win_statistics_simulation.rds"
"tableS7_win_statistics","p_tie_alternative_cor0.6_kappa1",0.0591957371428571,"p_tie, alternative_cor0.6_kappa1","win_statistics_simulation.rds"
"tableS7_win_statistics","win_os_alternative_cor0.6_kappa1",0.362382924081633,"win_os, alternative_cor0.6_kappa1","win_statistics_simulation.rds"
"tableS7_win_statistics","loss_os_alternative_cor0.6_kappa1",0.274362771428571,"loss_os, alternative_cor0.6_kappa1","win_statistics_simulation.rds"
"tableS7_win_statistics","win_pfs_alternative_cor0.6_kappa1",0.160122191836735,"win_pfs, alternative_cor0.6_kappa1","win_statistics_simulation.rds"
"tableS7_win_statistics","loss_pfs_alternative_cor0.6_kappa1",0.105090143673469,"loss_pfs, alternative_cor0.6_kappa1","win_statistics_simulation.rds"
"tableS7_win_statistics","win_resp_alternative_cor0.6_kappa1",0.0251092946938775,"win_resp, alternative_cor0.6_kappa1","win_statistics_simulation.rds"
"tableS7_win_statistics","loss_resp_alternative_cor0.6_kappa1",0.0137369371428571,"loss_resp, alternative_cor0.6_kappa1","win_statistics_simulation.rds"
"tableS7_win_statistics","mwin_os_alternative_cor0.6_kappa1",0.362382924081633,"mwin_os, alternative_cor0.6_kappa1","win_statistics_simulation.rds"
"tableS7_win_statistics","mloss_os_alternative_cor0.6_kappa1",0.274362771428571,"mloss_os, alternative_cor0.6_kappa1","win_statistics_simulation.rds"
"tableS7_win_statistics","mwin_pfs_alternative_cor0.6_kappa1",0.530380688163265,"mwin_pfs, alternative_cor0.6_kappa1","win_statistics_simulation.rds"
"tableS7_win_statistics","mloss_pfs_alternative_cor0.6_kappa1",0.371577342857143,"mloss_pfs, alternative_cor0.6_kappa1","win_statistics_simulation.rds"
"tableS7_win_statistics","mwin_resp_alternative_cor0.6_kappa1",0.314515884081633,"mwin_resp, alternative_cor0.6_kappa1","win_statistics_simulation.rds"
"tableS7_win_statistics","mloss_resp_alternative_cor0.6_kappa1",0.165019312653061,"mloss_resp, alternative_cor0.6_kappa1","win_statistics_simulation.rds"
"tableS7_win_statistics","wr_mean_prob_alternative_cor0.6_kappa1",1.39274807700572,"wr_mean_prob, alternative_cor0.6_kappa1","win_statistics_simulation.rds"
"tableS7_win_statistics","wo_mean_prob_alternative_cor0.6_kappa1",1.36525317733727,"wo_mean_prob, alternative_cor0.6_kappa1","win_statistics_simulation.rds"
"tableS7_win_statistics","power_wr_formula_alternative_cor0.6_kappa1",0.947052234186466,"power_wr_formula, alternative_cor0.6_kappa1","win_statistics_simulation.rds"
"tableS7_win_statistics","power_wo_formula_alternative_cor0.6_kappa1",0.946643861179932,"power_wo_formula, alternative_cor0.6_kappa1","win_statistics_simulation.rds"
"tableS7_win_statistics","p_win_indep_alternative_cor0.6_kappa1",0.566247213374448,"p_win_indep, alternative_cor0.6_kappa1","win_statistics_simulation.rds"
"tableS7_win_statistics","p_loss_indep_alternative_cor0.6_kappa1",0.415216866073027,"p_loss_indep, alternative_cor0.6_kappa1","win_statistics_simulation.rds"
"tableS7_win_statistics","p_tie_indep_alternative_cor0.6_kappa1",0.0185359205525258,"p_tie_indep, alternative_cor0.6_kappa1","win_statistics_simulation.rds"
"tableS7_win_statistics","power_wr_indep_alternative_cor0.6_kappa1",0.936853553769972,"power_wr_indep, alternative_cor0.6_kappa1","win_statistics_simulation.rds"
"tableS7_win_statistics","power_wo_indep_alternative_cor0.6_kappa1",0.936725497918354,"power_wo_indep, alternative_cor0.6_kappa1","win_statistics_simulation.rds"
"tableS7_win_statistics","nsim_alternative_cor0.6_kappa1",10000,"nsim, alternative_cor0.6_kappa1","win_statistics_simulation.rds"
"tableS7_win_statistics","mean_cutoff_alternative_cor0.6_kappa1",30.2693922241437,"mean_cutoff, alternative_cor0.6_kappa1","win_statistics_simulation.rds"
"tableS7_win_statistics","rej_wr_alternative_cor0_kappa0.6",0.9828,"rej_wr, alternative_cor0_kappa0.6","win_statistics_simulation.rds"
"tableS7_win_statistics","rej_wo_alternative_cor0_kappa0.6",0.9828,"rej_wo, alternative_cor0_kappa0.6","win_statistics_simulation.rds"
"tableS7_win_statistics","rej_logrank_os_alternative_cor0_kappa0.6",0.8356,"rej_logrank_os, alternative_cor0_kappa0.6","win_statistics_simulation.rds"
"tableS7_win_statistics","rej_logrank_pfs_alternative_cor0_kappa0.6",0.9874,"rej_logrank_pfs, alternative_cor0_kappa0.6","win_statistics_simulation.rds"
"tableS7_win_statistics","rej_orr_alternative_cor0_kappa0.6",0.9865,"rej_orr, alternative_cor0_kappa0.6","win_statistics_simulation.rds"
"tableS7_win_statistics","p_win_alternative_cor0_kappa0.6",0.560075902040816,"p_win, alternative_cor0_kappa0.6","win_statistics_simulation.rds"
"tableS7_win_statistics","p_loss_alternative_cor0_kappa0.6",0.392156472653061,"p_loss, alternative_cor0_kappa0.6","win_statistics_simulation.rds"
"tableS7_win_statistics","p_tie_alternative_cor0_kappa0.6",0.0477676253061224,"p_tie, alternative_cor0_kappa0.6","win_statistics_simulation.rds"
"tableS7_win_statistics","win_os_alternative_cor0_kappa0.6",0.372570031836735,"win_os, alternative_cor0_kappa0.6","win_statistics_simulation.rds"
"tableS7_win_statistics","loss_os_alternative_cor0_kappa0.6",0.27183904244898,"loss_os, alternative_cor0_kappa0.6","win_statistics_simulation.rds"
"tableS7_win_statistics","win_pfs_alternative_cor0_kappa0.6",0.157809890612245,"win_pfs, alternative_cor0_kappa0.6","win_statistics_simulation.rds"
"tableS7_win_statistics","loss_pfs_alternative_cor0_kappa0.6",0.106047622040816,"loss_pfs, alternative_cor0_kappa0.6","win_statistics_simulation.rds"
"tableS7_win_statistics","win_resp_alternative_cor0_kappa0.6",0.0296959795918367,"win_resp, alternative_cor0_kappa0.6","win_statistics_simulation.rds"
"tableS7_win_statistics","loss_resp_alternative_cor0_kappa0.6",0.0142698081632653,"loss_resp, alternative_cor0_kappa0.6","win_statistics_simulation.rds"
"tableS7_win_statistics","mwin_os_alternative_cor0_kappa0.6",0.372570031836735,"mwin_os, alternative_cor0_kappa0.6","win_statistics_simulation.rds"
"tableS7_win_statistics","mloss_os_alternative_cor0_kappa0.6",0.27183904244898,"mloss_os, alternative_cor0_kappa0.6","win_statistics_simulation.rds"
"tableS7_win_statistics","mwin_pfs_alternative_cor0_kappa0.6",0.534370355918367,"mwin_pfs, alternative_cor0_kappa0.6","win_statistics_simulation.rds"
"tableS7_win_statistics","mloss_pfs_alternative_cor0_kappa0.6",0.373896231020408,"mloss_pfs, alternative_cor0_kappa0.6","win_statistics_simulation.rds"
"tableS7_win_statistics","mwin_resp_alternative_cor0_kappa0.6",0.314901159183673,"mwin_resp, alternative_cor0_kappa0.6","win_statistics_simulation.rds"
"tableS7_win_statistics","mloss_resp_alternative_cor0_kappa0.6",0.164944016326531,"mloss_resp, alternative_cor0_kappa0.6","win_statistics_simulation.rds"
"tableS7_win_statistics","wr_mean_prob_alternative_cor0_kappa0.6",1.42819497087917,"wr_mean_prob, alternative_cor0_kappa0.6","win_statistics_simulation.rds"
"tableS7_win_statistics","wo_mean_prob_alternative_cor0_kappa0.6",1.40361338869913,"wo_mean_prob, alternative_cor0_kappa0.6","win_statistics_simulation.rds"
"tableS7_win_statistics","power_wr_formula_alternative_cor0_kappa0.6",0.973359713912614,"power_wr_formula, alternative_cor0_kappa0.6","win_statistics_simulation.rds"
"tableS7_win_statistics","power_wo_formula_alternative_cor0_kappa0.6",0.973120893357718,"power_wo_formula, alternative_cor0_kappa0.6","win_statistics_simulation.rds"
"tableS7_win_statistics","p_win_indep_alternative_cor0_kappa0.6",0.572859221547017,"p_win_indep, alternative_cor0_kappa0.6","win_statistics_simulation.rds"
"tableS7_win_statistics","p_loss_indep_alternative_cor0_kappa0.6",0.410173552124741,"p_loss_indep, alternative_cor0_kappa0.6","win_statistics_simulation.rds"
"tableS7_win_statistics","p_tie_indep_alternative_cor0_kappa0.6",0.0169672263282428,"p_tie_indep, alternative_cor0_kappa0.6","win_statistics_simulation.rds"
"tableS7_win_statistics","power_wr_indep_alternative_cor0_kappa0.6",0.964288276305776,"power_wr_indep, alternative_cor0_kappa0.6","win_statistics_simulation.rds"
"tableS7_win_statistics","power_wo_indep_alternative_cor0_kappa0.6",0.964195222765916,"power_wo_indep, alternative_cor0_kappa0.6","win_statistics_simulation.rds"
"tableS7_win_statistics","nsim_alternative_cor0_kappa0.6",10000,"nsim, alternative_cor0_kappa0.6","win_statistics_simulation.rds"
"tableS7_win_statistics","mean_cutoff_alternative_cor0_kappa0.6",30.6158303382685,"mean_cutoff, alternative_cor0_kappa0.6","win_statistics_simulation.rds"
"tableS7_win_statistics","rej_wr_alternative_cor0.2_kappa0.6",0.9726,"rej_wr, alternative_cor0.2_kappa0.6","win_statistics_simulation.rds"
"tableS7_win_statistics","rej_wo_alternative_cor0.2_kappa0.6",0.9727,"rej_wo, alternative_cor0.2_kappa0.6","win_statistics_simulation.rds"
"tableS7_win_statistics","rej_logrank_os_alternative_cor0.2_kappa0.6",0.8112,"rej_logrank_os, alternative_cor0.2_kappa0.6","win_statistics_simulation.rds"
"tableS7_win_statistics","rej_logrank_pfs_alternative_cor0.2_kappa0.6",0.9861,"rej_logrank_pfs, alternative_cor0.2_kappa0.6","win_statistics_simulation.rds"
"tableS7_win_statistics","rej_orr_alternative_cor0.2_kappa0.6",0.9844,"rej_orr, alternative_cor0.2_kappa0.6","win_statistics_simulation.rds"
"tableS7_win_statistics","p_win_alternative_cor0.2_kappa0.6",0.559628728163265,"p_win, alternative_cor0.2_kappa0.6","win_statistics_simulation.rds"
"tableS7_win_statistics","p_loss_alternative_cor0.2_kappa0.6",0.39541086122449,"p_loss, alternative_cor0.2_kappa0.6","win_statistics_simulation.rds"
"tableS7_win_statistics","p_tie_alternative_cor0.2_kappa0.6",0.0449604106122449,"p_tie, alternative_cor0.2_kappa0.6","win_statistics_simulation.rds"
"tableS7_win_statistics","win_os_alternative_cor0.2_kappa0.6",0.372675932244898,"win_os, alternative_cor0.2_kappa0.6","win_statistics_simulation.rds"
"tableS7_win_statistics","loss_os_alternative_cor0.2_kappa0.6",0.273333491428571,"loss_os, alternative_cor0.2_kappa0.6","win_statistics_simulation.rds"
"tableS7_win_statistics","win_pfs_alternative_cor0.2_kappa0.6",0.157241771428571,"win_pfs, alternative_cor0.2_kappa0.6","win_statistics_simulation.rds"
"tableS7_win_statistics","loss_pfs_alternative_cor0.2_kappa0.6",0.105275927346939,"loss_pfs, alternative_cor0.2_kappa0.6","win_statistics_simulation.rds"
"tableS7_win_statistics","win_resp_alternative_cor0.2_kappa0.6",0.0297110244897959,"win_resp, alternative_cor0.2_kappa0.6","win_statistics_simulation.rds"
"tableS7_win_statistics","loss_resp_alternative_cor0.2_kappa0.6",0.0168014424489796,"loss_resp, alternative_cor0.2_kappa0.6","win_statistics_simulation.rds"
"tableS7_win_statistics","mwin_os_alternative_cor0.2_kappa0.6",0.372675932244898,"mwin_os, alternative_cor0.2_kappa0.6","win_statistics_simulation.rds"
"tableS7_win_statistics","mloss_os_alternative_cor0.2_kappa0.6",0.273333491428571,"mloss_os, alternative_cor0.2_kappa0.6","win_statistics_simulation.rds"
"tableS7_win_statistics","mwin_pfs_alternative_cor0.2_kappa0.6",0.534539968979592,"mwin_pfs, alternative_cor0.2_kappa0.6","win_statistics_simulation.rds"
"tableS7_win_statistics","mloss_pfs_alternative_cor0.2_kappa0.6",0.373987153469388,"mloss_pfs, alternative_cor0.2_kappa0.6","win_statistics_simulation.rds"
"tableS7_win_statistics","mwin_resp_alternative_cor0.2_kappa0.6",0.314436900408163,"mwin_resp, alternative_cor0.2_kappa0.6","win_statistics_simulation.rds"
"tableS7_win_statistics","mloss_resp_alternative_cor0.2_kappa0.6",0.165234328979592,"mloss_resp, alternative_cor0.2_kappa0.6","win_statistics_simulation.rds"
"tableS7_win_statistics","wr_mean_prob_alternative_cor0.2_kappa0.6",1.41530944908856,"wr_mean_prob, alternative_cor0.2_kappa0.6","win_statistics_simulation.rds"
"tableS7_win_statistics","wo_mean_prob_alternative_cor0.2_kappa0.6",1.39296812038155,"wo_mean_prob, alternative_cor0.2_kappa0.6","win_statistics_simulation.rds"
"tableS7_win_statistics","power_wr_formula_alternative_cor0.2_kappa0.6",0.967433365860324,"power_wr_formula, alternative_cor0.2_kappa0.6","win_statistics_simulation.rds"
"tableS7_win_statistics","power_wo_formula_alternative_cor0.2_kappa0.6",0.967186677600344,"power_wo_formula, alternative_cor0.2_kappa0.6","win_statistics_simulation.rds"
"tableS7_win_statistics","p_win_indep_alternative_cor0.2_kappa0.6",0.57207967950898,"p_win_indep, alternative_cor0.2_kappa0.6","win_statistics_simulation.rds"
"tableS7_win_statistics","p_loss_indep_alternative_cor0.2_kappa0.6",0.411071795668046,"p_loss_indep, alternative_cor0.2_kappa0.6","win_statistics_simulation.rds"
"tableS7_win_statistics","p_tie_indep_alternative_cor0.2_kappa0.6",0.0168485248229733,"p_tie_indep, alternative_cor0.2_kappa0.6","win_statistics_simulation.rds"
"tableS7_win_statistics","power_wr_indep_alternative_cor0.2_kappa0.6",0.961070016866609,"power_wr_indep, alternative_cor0.2_kappa0.6","win_statistics_simulation.rds"
"tableS7_win_statistics","power_wo_indep_alternative_cor0.2_kappa0.6",0.960973991196553,"power_wo_indep, alternative_cor0.2_kappa0.6","win_statistics_simulation.rds"
"tableS7_win_statistics","nsim_alternative_cor0.2_kappa0.6",10000,"nsim, alternative_cor0.2_kappa0.6","win_statistics_simulation.rds"
"tableS7_win_statistics","mean_cutoff_alternative_cor0.2_kappa0.6",30.6273641624321,"mean_cutoff, alternative_cor0.2_kappa0.6","win_statistics_simulation.rds"
"tableS7_win_statistics","rej_wr_alternative_cor0.4_kappa0.6",0.9726,"rej_wr, alternative_cor0.4_kappa0.6","win_statistics_simulation.rds"
"tableS7_win_statistics","rej_wo_alternative_cor0.4_kappa0.6",0.9726,"rej_wo, alternative_cor0.4_kappa0.6","win_statistics_simulation.rds"
"tableS7_win_statistics","rej_logrank_os_alternative_cor0.4_kappa0.6",0.8004,"rej_logrank_os, alternative_cor0.4_kappa0.6","win_statistics_simulation.rds"
"tableS7_win_statistics","rej_logrank_pfs_alternative_cor0.4_kappa0.6",0.9879,"rej_logrank_pfs, alternative_cor0.4_kappa0.6","win_statistics_simulation.rds"
"tableS7_win_statistics","rej_orr_alternative_cor0.4_kappa0.6",0.9838,"rej_orr, alternative_cor0.4_kappa0.6","win_statistics_simulation.rds"
"tableS7_win_statistics","p_win_alternative_cor0.4_kappa0.6",0.557253875918367,"p_win, alternative_cor0.4_kappa0.6","win_statistics_simulation.rds"
"tableS7_win_statistics","p_loss_alternative_cor0.4_kappa0.6",0.395823992653061,"p_loss, alternative_cor0.4_kappa0.6","win_statistics_simulation.rds"
"tableS7_win_statistics","p_tie_alternative_cor0.4_kappa0.6",0.0469221314285714,"p_tie, alternative_cor0.4_kappa0.6","win_statistics_simulation.rds"
"tableS7_win_statistics","win_os_alternative_cor0.4_kappa0.6",0.372650911020408,"win_os, alternative_cor0.4_kappa0.6","win_statistics_simulation.rds"
"tableS7_win_statistics","loss_os_alternative_cor0.4_kappa0.6",0.274979502040816,"loss_os, alternative_cor0.4_kappa0.6","win_statistics_simulation.rds"
"tableS7_win_statistics","win_pfs_alternative_cor0.4_kappa0.6",0.156875599183673,"win_pfs, alternative_cor0.4_kappa0.6","win_statistics_simulation.rds"
"tableS7_win_statistics","loss_pfs_alternative_cor0.4_kappa0.6",0.104277259591837,"loss_pfs, alternative_cor0.4_kappa0.6","win_statistics_simulation.rds"
"tableS7_win_statistics","win_resp_alternative_cor0.4_kappa0.6",0.0277273657142857,"win_resp, alternative_cor0.4_kappa0.6","win_statistics_simulation.rds"
"tableS7_win_statistics","loss_resp_alternative_cor0.4_kappa0.6",0.0165672310204082,"loss_resp, alternative_cor0.4_kappa0.6","win_statistics_simulation.rds"
"tableS7_win_statistics","mwin_os_alternative_cor0.4_kappa0.6",0.372650911020408,"mwin_os, alternative_cor0.4_kappa0.6","win_statistics_simulation.rds"
"tableS7_win_statistics","mloss_os_alternative_cor0.4_kappa0.6",0.274979502040816,"mloss_os, alternative_cor0.4_kappa0.6","win_statistics_simulation.rds"
"tableS7_win_statistics","mwin_pfs_alternative_cor0.4_kappa0.6",0.534857340408163,"mwin_pfs, alternative_cor0.4_kappa0.6","win_statistics_simulation.rds"
"tableS7_win_statistics","mloss_pfs_alternative_cor0.4_kappa0.6",0.373925931428571,"mloss_pfs, alternative_cor0.4_kappa0.6","win_statistics_simulation.rds"
"tableS7_win_statistics","mwin_resp_alternative_cor0.4_kappa0.6",0.314631463673469,"mwin_resp, alternative_cor0.4_kappa0.6","win_statistics_simulation.rds"
"tableS7_win_statistics","mloss_resp_alternative_cor0.4_kappa0.6",0.164899463673469,"mloss_resp, alternative_cor0.4_kappa0.6","win_statistics_simulation.rds"
"tableS7_win_statistics","wr_mean_prob_alternative_cor0.4_kappa0.6",1.40783248681643,"wr_mean_prob, alternative_cor0.4_kappa0.6","win_statistics_simulation.rds"
"tableS7_win_statistics","wo_mean_prob_alternative_cor0.4_kappa0.6",1.38501224893131,"wo_mean_prob, alternative_cor0.4_kappa0.6","win_statistics_simulation.rds"
"tableS7_win_statistics","power_wr_formula_alternative_cor0.4_kappa0.6",0.962377715243415,"power_wr_formula, alternative_cor0.4_kappa0.6","win_statistics_simulation.rds"
"tableS7_win_statistics","power_wo_formula_alternative_cor0.4_kappa0.6",0.962101863770585,"power_wo_formula, alternative_cor0.4_kappa0.6","win_statistics_simulation.rds"
"tableS7_win_statistics","p_win_indep_alternative_cor0.4_kappa0.6",0.571231255896104,"p_win_indep, alternative_cor0.4_kappa0.6","win_statistics_simulation.rds"
"tableS7_win_statistics","p_loss_indep_alternative_cor0.4_kappa0.6",0.4120398267414,"p_loss_indep, alternative_cor0.4_kappa0.6","win_statistics_simulation.rds"
"tableS7_win_statistics","p_tie_indep_alternative_cor0.4_kappa0.6",0.0167289173624957,"p_tie_indep, alternative_cor0.4_kappa0.6","win_statistics_simulation.rds"
"tableS7_win_statistics","power_wr_indep_alternative_cor0.4_kappa0.6",0.95732601417384,"power_wr_indep, alternative_cor0.4_kappa0.6","win_statistics_simulation.rds"
"tableS7_win_statistics","power_wo_indep_alternative_cor0.4_kappa0.6",0.957226829795532,"power_wo_indep, alternative_cor0.4_kappa0.6","win_statistics_simulation.rds"
"tableS7_win_statistics","nsim_alternative_cor0.4_kappa0.6",10000,"nsim, alternative_cor0.4_kappa0.6","win_statistics_simulation.rds"
"tableS7_win_statistics","mean_cutoff_alternative_cor0.4_kappa0.6",30.6433672524531,"mean_cutoff, alternative_cor0.4_kappa0.6","win_statistics_simulation.rds"
"tableS7_win_statistics","rej_wr_alternative_cor0.6_kappa0.6",0.9614,"rej_wr, alternative_cor0.6_kappa0.6","win_statistics_simulation.rds"
"tableS7_win_statistics","rej_wo_alternative_cor0.6_kappa0.6",0.9614,"rej_wo, alternative_cor0.6_kappa0.6","win_statistics_simulation.rds"
"tableS7_win_statistics","rej_logrank_os_alternative_cor0.6_kappa0.6",0.7666,"rej_logrank_os, alternative_cor0.6_kappa0.6","win_statistics_simulation.rds"
"tableS7_win_statistics","rej_logrank_pfs_alternative_cor0.6_kappa0.6",0.9882,"rej_logrank_pfs, alternative_cor0.6_kappa0.6","win_statistics_simulation.rds"
"tableS7_win_statistics","rej_orr_alternative_cor0.6_kappa0.6",0.9827,"rej_orr, alternative_cor0.6_kappa0.6","win_statistics_simulation.rds"
"tableS7_win_statistics","p_win_alternative_cor0.6_kappa0.6",0.551092356734694,"p_win, alternative_cor0.6_kappa0.6","win_statistics_simulation.rds"
"tableS7_win_statistics","p_loss_alternative_cor0.6_kappa0.6",0.393391734693878,"p_loss, alternative_cor0.6_kappa0.6","win_statistics_simulation.rds"
"tableS7_win_statistics","p_tie_alternative_cor0.6_kappa0.6",0.0555159085714286,"p_tie, alternative_cor0.6_kappa0.6","win_statistics_simulation.rds"
"tableS7_win_statistics","win_os_alternative_cor0.6_kappa0.6",0.371887854693878,"win_os, alternative_cor0.6_kappa0.6","win_statistics_simulation.rds"
"tableS7_win_statistics","loss_os_alternative_cor0.6_kappa0.6",0.277822519183673,"loss_os, alternative_cor0.6_kappa0.6","win_statistics_simulation.rds"
"tableS7_win_statistics","win_pfs_alternative_cor0.6_kappa0.6",0.156560004081633,"win_pfs, alternative_cor0.6_kappa0.6","win_statistics_simulation.rds"
"tableS7_win_statistics","loss_pfs_alternative_cor0.6_kappa0.6",0.103164537959184,"loss_pfs, alternative_cor0.6_kappa0.6","win_statistics_simulation.rds"
"tableS7_win_statistics","win_resp_alternative_cor0.6_kappa0.6",0.0226444979591837,"win_resp, alternative_cor0.6_kappa0.6","win_statistics_simulation.rds"
"tableS7_win_statistics","loss_resp_alternative_cor0.6_kappa0.6",0.0124046775510204,"loss_resp, alternative_cor0.6_kappa0.6","win_statistics_simulation.rds"
"tableS7_win_statistics","mwin_os_alternative_cor0.6_kappa0.6",0.371887854693878,"mwin_os, alternative_cor0.6_kappa0.6","win_statistics_simulation.rds"
"tableS7_win_statistics","mloss_os_alternative_cor0.6_kappa0.6",0.277822519183673,"mloss_os, alternative_cor0.6_kappa0.6","win_statistics_simulation.rds"
"tableS7_win_statistics","mwin_pfs_alternative_cor0.6_kappa0.6",0.534945312653061,"mwin_pfs, alternative_cor0.6_kappa0.6","win_statistics_simulation.rds"
"tableS7_win_statistics","mloss_pfs_alternative_cor0.6_kappa0.6",0.374489603265306,"mloss_pfs, alternative_cor0.6_kappa0.6","win_statistics_simulation.rds"
"tableS7_win_statistics","mwin_resp_alternative_cor0.6_kappa0.6",0.314475747755102,"mwin_resp, alternative_cor0.6_kappa0.6","win_statistics_simulation.rds"
"tableS7_win_statistics","mloss_resp_alternative_cor0.6_kappa0.6",0.165006604897959,"mloss_resp, alternative_cor0.6_kappa0.6","win_statistics_simulation.rds"
"tableS7_win_statistics","wr_mean_prob_alternative_cor0.6_kappa0.6",1.40087426382645,"wr_mean_prob, alternative_cor0.6_kappa0.6","win_statistics_simulation.rds"
"tableS7_win_statistics","wo_mean_prob_alternative_cor0.6_kappa0.6",1.37445266176715,"wo_mean_prob, alternative_cor0.6_kappa0.6","win_statistics_simulation.rds"
"tableS7_win_statistics","power_wr_formula_alternative_cor0.6_kappa0.6",0.954791045114717,"power_wr_formula, alternative_cor0.6_kappa0.6","win_statistics_simulation.rds"
"tableS7_win_statistics","power_wo_formula_alternative_cor0.6_kappa0.6",0.954433257166804,"power_wo_formula, alternative_cor0.6_kappa0.6","win_statistics_simulation.rds"
"tableS7_win_statistics","p_win_indep_alternative_cor0.6_kappa0.6",0.569250079850359,"p_win_indep, alternative_cor0.6_kappa0.6","win_statistics_simulation.rds"
"tableS7_win_statistics","p_loss_indep_alternative_cor0.6_kappa0.6",0.414237013390113,"p_loss_indep, alternative_cor0.6_kappa0.6","win_statistics_simulation.rds"
"tableS7_win_statistics","p_tie_indep_alternative_cor0.6_kappa0.6",0.016512906759528,"p_tie_indep, alternative_cor0.6_kappa0.6","win_statistics_simulation.rds"
"tableS7_win_statistics","power_wr_indep_alternative_cor0.6_kappa0.6",0.947617424617512,"power_wr_indep, alternative_cor0.6_kappa0.6","win_statistics_simulation.rds"
"tableS7_win_statistics","power_wo_indep_alternative_cor0.6_kappa0.6",0.947511116405517,"power_wo_indep, alternative_cor0.6_kappa0.6","win_statistics_simulation.rds"
"tableS7_win_statistics","nsim_alternative_cor0.6_kappa0.6",10000,"nsim, alternative_cor0.6_kappa0.6","win_statistics_simulation.rds"
"tableS7_win_statistics","mean_cutoff_alternative_cor0.6_kappa0.6",30.6794134118457,"mean_cutoff, alternative_cor0.6_kappa0.6","win_statistics_simulation.rds"
